,#,Hospital,Address1,City,St.,Zip,Phone,Grove_Zip,Km,Miles,Zone,1lbs,5lbs,10lbs,20lbs,50lbs,70lbs,UPS_1lbs,UPS_5lbs,UPS_10lbs,UPS_20lbs,UPS_50lbs,UPS_70lbs
0,0,CORPORATE,2125 Chenault,Carrollton,TX,75006,(972)759-5000,43123,1451.933005,902.3822284,5,8.12,12.71,17.74,28.46,79.34,89.31,9.36,9.36,10.07,12.3,22.52,27.11
1,1,CORPORATE,2125 Chenault,Carrollton,TX,75006,(972)759-5000,43123,1451.933005,902.3822284,5,8.12,12.71,17.74,28.46,79.34,89.31,9.36,9.36,10.07,12.3,22.52,27.11
2,2,Plano-Medical City,3901 W 15th St ,Plano,TX,75075,(972)519-1270,43123,1437.278816,893.2745906,5,8.12,12.71,17.74,28.46,79.34,89.31,9.36,9.36,10.07,12.3,22.52,27.11
3,7,Methodist Specialty and Transplant Hospital,8026 Floyd Curl Dr,San Antonio,TX,78229,(210)575-8278,43123,1821.709757,1132.199973,6,8.59,17.03,24.52,38.51,97.77,113.36,9.36,9.51,10.42,14.33,27.75,31.24
4,8,Metropolitan Methodist Hospital,1310 McCullough Ave,San Antonio,TX,78212,(210)757-2556,43123,1821.374416,1131.991557,6,8.59,17.03,24.52,38.51,97.77,113.36,9.36,9.51,10.42,14.33,27.75,31.24
5,11,Clear Lake Regional Medical Center,500 Medical Center Blvd,Webster,TX,77598,(281)338-3577,43123,1588.581484,987.30981,5,8.12,12.71,17.74,28.46,79.34,89.31,9.36,9.36,10.07,12.3,22.52,27.11
6,15,Medical City Fort Worth,900 8th Ave,Fort Worth,TX,76104,(817)347-1688,43123,1500.571085,932.610991,5,8.12,12.71,17.74,28.46,79.34,89.31,9.36,9.36,10.07,12.3,22.52,27.11
7,18,Texas Health Plano,6200 W Parker Rd,Plano,TX,75093,(972)981-8080,43123,1440.676736,895.3864113,5,8.12,12.71,17.74,28.46,79.34,89.31,9.36,9.36,10.07,12.3,22.52,27.11
8,21,Memorial Hermann Memorial City Medical Center,920 Frostwood,Houston,TX,77024,(713)932-3930,43123,1594.670376,991.0940807,5,8.12,12.71,17.74,28.46,79.34,89.31,9.36,9.36,10.07,12.3,22.52,27.11
9,23,Saint Barnabas Medical Center,94 Old Short Hills Rd,Livingston,NJ,7039,(973)322-5239,43123,749.3225958,465.7070204,4,7.9,9.82,12.92,19.84,56.07,67.32,9.36,9.36,9.36,10.09,18.56,22.06
10,25,The Hospitals of Providence-Memorial Campus,2001 N Oregon St,El Paso,TX,79902,(915)577-6720,43123,2285.968452,1420.738628,7,9.16,20.81,31.84,50.29,113.08,135.17,9.36,10.01,11.69,17.42,33.45,35.56
11,27,Presence Saint Joseph Hospital,2900 N Lake Shore Dr,Chicago,IL,60657,(773)665-3353,43123,446.8991409,277.7496215,3,7.68,8.89,11.55,17.51,43.54,49.63,9.36,9.36,9.36,9.88,15.64,19.13
12,30,The Hospitals of Providence-Sierra Campus,1625 Medical Center Dr,El Paso,TX,79902,(915)747-2711,43123,2285.968452,1420.738628,7,9.16,20.81,31.84,50.29,113.08,135.17,9.36,10.01,11.69,17.42,33.45,35.56
13,34,Redmond Regional Medical Center,501 Redmond Rd,Rome,GA,30165,(706)802-3855,43123,650.6600303,404.3878374,4,7.9,9.82,12.92,19.84,56.07,67.32,9.36,9.36,9.36,10.09,18.56,22.06
14,35,St. Christopher's Hospital  for Children,160 E Erie Ave,Philadelphia,PA,19134,(215)427-5948,43123,679.4511437,422.2816307,4,7.9,9.82,12.92,19.84,56.07,67.32,9.36,9.36,9.36,10.09,18.56,22.06
15,44,Prince George's Hospital Center,3001 Hospital Drive,Cheverly,MD,20785,(301)618-2331,43123,543.8720906,338.0187014,4,7.9,9.82,12.92,19.84,56.07,67.32,9.36,9.36,9.36,10.09,18.56,22.06
16,47,Englewood Hospital and Medical Center,350 Engle St,Englewood,NJ,7631,(201)894-3000,43123,779.0991575,484.2132737,4,7.9,9.82,12.92,19.84,56.07,67.32,9.36,9.36,9.36,10.09,18.56,22.06
17,48,University of Cincinnati Medical Center,234 Goodman St,Cincinnati,OH,45219,(513)584-4783,43123,148.5640483,92.3331562,Local,7.37,8.45,10.29,15.45,34.01,45.24,9.36,9.36,9.36,9.36,12.53,14.88
18,50,Montefiore Medical Center - Einstein Campus (Jack D. Weiler Hospital),Einstein Campus,Bronx,NY,10461,(718)904-2742,43123,790.0378478,491.011714,4,7.9,9.82,12.92,19.84,56.07,67.32,9.36,9.36,9.36,10.09,18.56,22.06
19,54,Einstein Medical Center Philadelphia,5501 Old York Rd,Philadelphia,PA,19141,(215)456-6748,43123,676.6320318,420.5295412,4,7.9,9.82,12.92,19.84,56.07,67.32,9.36,9.36,9.36,10.09,18.56,22.06
20,55,New York-Presbyterian Hospital ,Columbia University Medical Center,New York,NY,10032,(212)305-7008,43123,781.4942031,485.7018043,4,7.9,9.82,12.92,19.84,56.07,67.32,9.36,9.36,9.36,10.09,18.56,22.06
21,56,Children's Hospital of Pittsburgh of UPMC,4401 Penn Ave ,Pittsburgh,PA,15224,(412)692-5187,43123,274.4548995,170.5748288,3,7.68,8.89,11.55,17.51,43.54,49.63,9.36,9.36,9.36,9.88,15.64,19.13
22,59,Women & Infants Hospital of Rhode Island,101 Dudley St,Providence,RI,2905,(401)274-1122,43123,1004.993418,624.6074691,5,8.12,12.71,17.74,28.46,79.34,89.31,9.36,9.36,10.07,12.3,22.52,27.11
23,66,The University of Chicago Medicine,Mitchell Lobby,Chicago,IL,60637,(773)834-1360,43123,435.0296108,270.3726606,3,7.68,8.89,11.55,17.51,43.54,49.63,9.36,9.36,9.36,9.88,15.64,19.13
24,68,The Brooklyn Hospital Center,121 DeKalb Ave,Brooklyn,NY,11201,(718)250-8077,43123,776.2403652,482.4365228,4,7.9,9.82,12.92,19.84,56.07,67.32,9.36,9.36,9.36,10.09,18.56,22.06
25,71,Medical City Lewisville,500 W Main St,Lewisville,TX,75057,(469)370-2818,43123,1455.158034,904.3865965,5,8.12,12.71,17.74,28.46,79.34,89.31,9.36,9.36,10.07,12.3,22.52,27.11
26,72,JFK Medical Center,5301 S Congress Ave,Atlantis,FL,33462,(561)548-3717,43123,1505.530245,935.6931292,5,8.12,12.71,17.74,28.46,79.34,89.31,9.36,9.36,10.07,12.3,22.52,27.11
27,76,Hospital of the University of Pennsylvania,3400 Spruce St,Philadelphia,PA,19104,(215)662-2701,43123,671.96743,417.6304724,4,7.9,9.82,12.92,19.84,56.07,67.32,9.36,9.36,9.36,10.09,18.56,22.06
28,77,Penn Presbyterian Medical Center,51 North 39th Street,Philadelphia,PA,19104,(215)662-9489,43123,671.96743,417.6304724,4,7.9,9.82,12.92,19.84,56.07,67.32,9.36,9.36,9.36,10.09,18.56,22.06
29,79,New York-Presbyterian - Morgan Stanley Children's Hospital,3959 Broadway,New York,NY,10032,(212)342-8487,43123,781.4942031,485.7018043,4,7.9,9.82,12.92,19.84,56.07,67.32,9.36,9.36,9.36,10.09,18.56,22.06
30,81,"John H. Stroger, Jr. Hospital of Cook County",1901 West Harrison St,Chicago,IL,60612,(312)864-2086,43123,446.2163478,277.3252628,3,7.68,8.89,11.55,17.51,43.54,49.63,9.36,9.36,9.36,9.88,15.64,19.13
31,82,New York-Presbyterian Hospital ,Weill Cornell Center,New York,NY,10021,(212)746-4230,43123,779.4673842,484.4421281,4,7.9,9.82,12.92,19.84,56.07,67.32,9.36,9.36,9.36,10.09,18.56,22.06
32,87,Newark Beth Israel Medical Center,400 Osborne Terrace,Newark,NJ,7112,(973)926-7313,43123,757.6292754,470.8696553,4,7.9,9.82,12.92,19.84,56.07,67.32,9.36,9.36,9.36,10.09,18.56,22.06
33,93,Medical City Denton,3535 S I-35 E,Denton,TX,76207,(940)384-3110,43123,1457.831463,906.0481434,5,8.12,12.71,17.74,28.46,79.34,89.31,9.36,9.36,10.07,12.3,22.52,27.11
34,94,Grady Memorial Hospital,80 Jesse Hill Jr Dr SE,Atlanta,GA,30303,(404)616-3271,43123,691.3069607,429.6500688,4,7.9,9.82,12.92,19.84,56.07,67.32,9.36,9.36,9.36,10.09,18.56,22.06
35,95,Children's Healthcare of Atlanta at Hughes Spalding ,35 Jesse Hill Jr. Dr SE ,Atlanta,GA,30303,(404)785-9667,43123,691.3069607,429.6500688,4,7.9,9.82,12.92,19.84,56.07,67.32,9.36,9.36,9.36,10.09,18.56,22.06
36,96,NYU Langone Hospital - Brooklyn,150 55th St,Brooklyn,NY,11220,(718)630-7162,43123,773.9436655,481.0091146,4,7.9,9.82,12.92,19.84,56.07,67.32,9.36,9.36,9.36,10.09,18.56,22.06
37,97,Clara Maass Medical Center,One Clara Maass Dr,Belleville,NJ,7109,(973)450-2956,43123,762.5479166,473.9266107,4,7.9,9.82,12.92,19.84,56.07,67.32,9.36,9.36,9.36,10.09,18.56,22.06
38,110,Aventura Hospital and Medical Center,20900 Biscayne Blvd,Aventura,FL,33180,(305)682-7394,43123,1571.949307,976.9728444,5,8.12,12.71,17.74,28.46,79.34,89.31,9.36,9.36,10.07,12.3,22.52,27.11
39,114,University of Maryland St. Joseph Medical Center,7601 Osler Road,Towson,MD,21204,(410)337-1294,43123,557.2172105,346.3127473,4,7.9,9.82,12.92,19.84,56.07,67.32,9.36,9.36,9.36,10.09,18.56,22.06
40,116,WellStar Atlanta Medical Center,303 Parkway Dr NE,Atlanta,GA,30312,(404)265-4732,43123,691.7845881,429.9469162,4,7.9,9.82,12.92,19.84,56.07,67.32,9.36,9.36,9.36,10.09,18.56,22.06
41,117,SUNY Downstate Medical Center,445 Lenox Rd,Brooklyn,NY,11203,(718)270-1713,43123,780.6069469,485.150371,4,7.9,9.82,12.92,19.84,56.07,67.32,9.36,9.36,9.36,10.09,18.56,22.06
42,119,Montefiore New Rochelle Hospital,16 Guion Place,New Rochelle,NY,10802,(914)365-4438,43123,795.5774108,494.4545748,4,7.9,9.82,12.92,19.84,56.07,67.32,9.36,9.36,9.36,10.09,18.56,22.06
43,121,University of Maryland Medical Center,22 S Greene St,Baltimore,MD,21201,(410)328-9913,43123,557.1671041,346.281606,4,7.9,9.82,12.92,19.84,56.07,67.32,9.36,9.36,9.36,10.09,18.56,22.06
44,122,Inspira Medical Center Woodbury,700 Mullica Hill rd,Mullica Hill,NJ,8062,(856)508-2108,43123,672.9349979,418.2318197,4,7.9,9.82,12.92,19.84,56.07,67.32,9.36,9.36,9.36,10.09,18.56,22.06
45,123,NYC Health & Hospitals/Bellevue,462 First Ave 27th St,New York,NY,10016,(212)562-4246,43123,777.6486963,483.3118063,4,7.9,9.82,12.92,19.84,56.07,67.32,9.36,9.36,9.36,10.09,18.56,22.06
46,128,St. David's North Austin Medical Center,12221 N Mo Pac Expy ,Austin,TX,78758,(512)901-2744,43123,1694.835615,1053.347181,6,8.59,17.03,24.52,38.51,97.77,113.36,9.36,9.51,10.42,14.33,27.75,31.24
47,129,Texas Health Denton,207 N Bonnie Brae St,Denton,TX,76201,(940)898-7368,43123,1453.983397,903.6565549,5,8.12,12.71,17.74,28.46,79.34,89.31,9.36,9.36,10.07,12.3,22.52,27.11
48,130,Holy Redeemer Hospital,1648 Huntingdon Pike,Meadowbrook,PA,19046,(215)938-3801,43123,679.7084178,422.4415275,4,7.9,9.82,12.92,19.84,56.07,67.32,9.36,9.36,9.36,10.09,18.56,22.06
49,131,Parkridge Medical Center,2333 McCallie Ave,Chattanooga,TN,37404,(423)493-1628,43123,572.8729744,356.0428679,4,7.9,9.82,12.92,19.84,56.07,67.32,9.36,9.36,9.36,10.09,18.56,22.06
50,132,Parkridge East Hospital,941 Spring Creek Rd,Chattanooga,TN,37412,(423)499-2159,43123,574.9402221,357.3276707,4,7.9,9.82,12.92,19.84,56.07,67.32,9.36,9.36,9.36,10.09,18.56,22.06
51,133,CentraState Medical Center,901 W Main St,Freehold,NJ,7728,(732)294-2648,43123,750.2778198,466.300696,4,7.9,9.82,12.92,19.84,56.07,67.32,9.36,9.36,9.36,10.09,18.56,22.06
52,134,Medstar Georgetown University Hospital,3800 Reservoir Rd NW,Washington,DC,20007,(202)444-4181,43123,527.3752385,327.7658412,4,7.9,9.82,12.92,19.84,56.07,67.32,9.36,9.36,9.36,10.09,18.56,22.06
53,137,Memorial Hermann - Texas Medical Center,6411 Fannin St,Houston,TX,77030,(713)704-1162,43123,1592.472136,989.7278658,5,8.12,12.71,17.74,28.46,79.34,89.31,9.36,9.36,10.07,12.3,22.52,27.11
54,138,The Queen's Medical Center,1301 Punchbowl St,Honolulu,HI,96813,(808)691-4239,43123,7239.634505,4499.462091,8,9.68,24.01,36.77,58.46,131.06,166.61,9.36,10.62,12.92,19.55,37.19,42.47
55,142,Merit Health Wesley,5001 Hardy St,Hattiesburg,MS,39402,(601)268-8125,43123,1109.330499,689.4533865,5,8.12,12.71,17.74,28.46,79.34,89.31,9.36,9.36,10.07,12.3,22.52,27.11
56,144,Mount Sinai Hospital,2731 West 15th Street,Chicago,IL,60608,(773)257-6634,43123,443.3855136,275.5658879,3,7.68,8.89,11.55,17.51,43.54,49.63,9.36,9.36,9.36,9.88,15.64,19.13
57,145,Advocate South Suburban Hospital,17800 Kedzie Ave,Hazel Crest,IL,60429,(708)213-3039,43123,430.8845347,267.796479,3,7.68,8.89,11.55,17.51,43.54,49.63,9.36,9.36,9.36,9.88,15.64,19.13
58,147,Houston Methodist San Jacinto Hospital,4401 Garth Rd,Baytown,TX,77521,(281)420-8976,43123,1559.533713,969.2565029,5,8.12,12.71,17.74,28.46,79.34,89.31,9.36,9.36,10.07,12.3,22.52,27.11
59,150,Jersey Shore University Medical Center,1945 Route 33,Neptune,NJ,7753,(732)776-4215,43123,767.7131267,477.1368096,4,7.9,9.82,12.92,19.84,56.07,67.32,9.36,9.36,9.36,10.09,18.56,22.06
60,153,Medical City North Hills,4401 Booth Calloway Rd,North Richland Hills,TX,76180,(817)255-1172,43123,1486.037342,923.5782115,5,8.12,12.71,17.74,28.46,79.34,89.31,9.36,9.36,10.07,12.3,22.52,27.11
61,157,UMC Health System Hospital,602 Indiana Ave,Lubbock,TX,79415,(806)775-8674,43123,1809.646478,1124.702597,6,8.59,17.03,24.52,38.51,97.77,113.36,9.36,9.51,10.42,14.33,27.75,31.24
62,158,Uniontown Hospital,500 W Berkeley St,Uniontown,PA,15401,(724)430-5489,43123,286.3029767,177.9384566,3,7.68,8.89,11.55,17.51,43.54,49.63,9.36,9.36,9.36,9.88,15.64,19.13
63,165,Holy Cross Hospital,2701 W 68th St,Chicago,IL,60629,(773)884-9315,43123,442.3713016,274.935551,3,7.68,8.89,11.55,17.51,43.54,49.63,9.36,9.36,9.36,9.88,15.64,19.13
64,166,St. Vincent Charity Medical Center,2351 E 22nd St,Cleveland,OH,44115,(216)363-2630,43123,215.5139268,133.9427761,Local,7.37,8.45,10.29,15.45,34.01,45.24,9.36,9.36,9.36,9.36,12.53,14.88
65,168,Ocean Medical Center,425 Jack Martin Blvd,Brick,NJ,8724,(732)836-4096,43123,764.1513124,474.9231277,4,7.9,9.82,12.92,19.84,56.07,67.32,9.36,9.36,9.36,10.09,18.56,22.06
66,170,"Montefiore Medical Center, Moses Campus",111 E 210th St,Bronx,NY,10467,(718)920-6042,43123,787.766613,489.6001324,4,7.9,9.82,12.92,19.84,56.07,67.32,9.36,9.36,9.36,10.09,18.56,22.06
67,171,The University of Texas Medical Branch,301 University Blvd,Galveston,TX,77550,(409)772-9800,43123,1588.854014,987.4791883,5,8.12,12.71,17.74,28.46,79.34,89.31,9.36,9.36,10.07,12.3,22.52,27.11
68,172,UMass Memorial Medical Center,University Campus,Worcester,MA,1655,(774)443-7767,43123,976.0484395,606.6180482,5,8.12,12.71,17.74,28.46,79.34,89.31,9.36,9.36,10.07,12.3,22.52,27.11
69,173,UMass Memorial Medical Center,Memorial Campus,Worcester,MA,1605,(508)334-6569,43123,982.9356984,610.8985074,5,8.12,12.71,17.74,28.46,79.34,89.31,9.36,9.36,10.07,12.3,22.52,27.11
70,174,New York-Presbyterian Hospital,Allen Hospital,New York,NY,10034,(212)932-5050,43123,783.4299297,486.9048662,4,7.9,9.82,12.92,19.84,56.07,67.32,9.36,9.36,9.36,10.09,18.56,22.06
71,178,Mercy Hospital & Medical Center,2525 S Michigan Ave,Chicago,IL,60616,(312)567-2187,43123,440.0847821,273.5144699,3,7.68,8.89,11.55,17.51,43.54,49.63,9.36,9.36,9.36,9.88,15.64,19.13
72,179,St. Mary's Medical Center,901 45th St,West Palm Beach,FL,33407,(561)881-0998,43123,1486.538194,923.8894927,5,8.12,12.71,17.74,28.46,79.34,89.31,9.36,9.36,10.07,12.3,22.52,27.11
73,181,Methodist University Hospital,1265 Union Ave,Memphis,TN,38104,(901)516-7470,43123,806.6238283,501.3199679,4,7.9,9.82,12.92,19.84,56.07,67.32,9.36,9.36,9.36,10.09,18.56,22.06
74,182,NYC Health & Hospitals/Elmhurst ,79-01 Broadway,Elmhurst,NY,11373,(718)334-5240,43123,786.0230935,488.516528,4,7.9,9.82,12.92,19.84,56.07,67.32,9.36,9.36,9.36,10.09,18.56,22.06
75,186,The George Washington University Hospital,900 23rd St NW,Washington,DC,20037,(202)715-4196,43123,529.7018112,329.2118155,4,7.9,9.82,12.92,19.84,56.07,67.32,9.36,9.36,9.36,10.09,18.56,22.06
76,188,Yale-New Haven Hospital,Lori's Hospital Gift Shop #188,New Haven,CT,6519,(203)688-4265,43123,870.5819798,541.0702174,4,7.9,9.82,12.92,19.84,56.07,67.32,9.36,9.36,9.36,10.09,18.56,22.06
77,189,Presence Saints Mary and Elizabeth Medical Center,2233 W Division St,Chicago,IL,60622,(312)770-2662,43123,446.6684628,277.6062541,3,7.68,8.89,11.55,17.51,43.54,49.63,9.36,9.36,9.36,9.88,15.64,19.13
78,194,University of Vermont Health Network - Plattsburgh Campus,75 Beekman Street,Plattsburgh,NY,12901,(518)562-7992,43123,954.0552916,592.9492179,4,7.9,9.82,12.92,19.84,56.07,67.32,9.36,9.36,9.36,10.09,18.56,22.06
79,197,The Medical Center ,250 Park St,Bowling Green,KY,42101,(270)745-1623,43123,432.8681641,269.0293127,3,7.68,8.89,11.55,17.51,43.54,49.63,9.36,9.36,9.36,9.88,15.64,19.13
80,199,Roger Williams Medical Center,825 Chalkstone Ave,Providence,RI,2908,(401)456-2004,43123,1002.448014,623.0254903,5,8.12,12.71,17.74,28.46,79.34,89.31,9.36,9.36,10.07,12.3,22.52,27.11
81,200,Methodist Charlton Medical Center,3500 W.  Wheatland Rd.,Dallas,TX,75237,(214)947-7675,43123,1471.733378,914.6882401,5,8.12,12.71,17.74,28.46,79.34,89.31,9.36,9.36,10.07,12.3,22.52,27.11
82,201,Emory University Hospital Midtown,550 Peachtree Street,Atlanta,GA,30308,(404)686-2557,43123,688.9940736,428.2126001,4,7.9,9.82,12.92,19.84,56.07,67.32,9.36,9.36,9.36,10.09,18.56,22.06
83,203,MossRehab Einstein at Elkins Park,60 East Township Line Road,Elkins Park,PA,19027,(215)663-6294,43123,677.7208697,421.2062584,4,7.9,9.82,12.92,19.84,56.07,67.32,9.36,9.36,9.36,10.09,18.56,22.06
84,204,Smith Tower Professional Building,6550 Fannin St,Houston,TX,77030,(713)791-1530,43123,1592.472136,989.7278658,5,8.12,12.71,17.74,28.46,79.34,89.31,9.36,9.36,10.07,12.3,22.52,27.11
85,208,Advocate Trinity Hospital,2320 East 93rd Street,Chicago,IL,60617,(773)967-5068,43123,428.5726803,266.3596522,3,7.68,8.89,11.55,17.51,43.54,49.63,9.36,9.36,9.36,9.88,15.64,19.13
86,209,Medical City Dallas,Building A,Dallas,TX,75230,(972)566-7950,43123,1449.242763,900.7102316,5,8.12,12.71,17.74,28.46,79.34,89.31,9.36,9.36,10.07,12.3,22.52,27.11
87,210,Medical City Dallas,Building C,Dallas,TX,75230,(972)566-7649,43123,1449.242763,900.7102316,5,8.12,12.71,17.74,28.46,79.34,89.31,9.36,9.36,10.07,12.3,22.52,27.11
88,211,Hackensack UMC Mountainside,1 Bay Ave,Montclair,NJ,7042,(973)429-6835,43123,758.2433529,471.251307,4,7.9,9.82,12.92,19.84,56.07,67.32,9.36,9.36,9.36,10.09,18.56,22.06
89,214,Baptist Memorial Hospital - Memphis,6019 Walnut Grove Rd,Memphis,TN,38120,(901)226-5822,43123,798.3468081,496.1757664,4,7.9,9.82,12.92,19.84,56.07,67.32,9.36,9.36,9.36,10.09,18.56,22.06
90,215,Advocate Illinois Masonic Medical Center,836 West Wellington,Chicago,IL,60657,(773)296-5966,43123,446.8991409,277.7496215,3,7.68,8.89,11.55,17.51,43.54,49.63,9.36,9.36,9.36,9.88,15.64,19.13
91,216,Baptist Memorial Hospital - DeSoto,7601 Southcrest Pkwy,Southaven,MS,38671,(662)772-4241,43123,818.2029993,508.5164694,4,7.9,9.82,12.92,19.84,56.07,67.32,9.36,9.36,9.36,10.09,18.56,22.06
92,217,North Florida Regional Medical Center,6500 Newberry Rd,Gainesville,FL,32605,(352)333-4068,43123,1136.383136,706.2667097,5,8.12,12.71,17.74,28.46,79.34,89.31,9.36,9.36,10.07,12.3,22.52,27.11
93,221,Menorah Medical Center,5721 W 119th St,Overland Park,KS,66209,(913)498-6202,43123,995.1253691,618.474437,5,8.12,12.71,17.74,28.46,79.34,89.31,9.36,9.36,10.07,12.3,22.52,27.11
94,222,Texas Health Denton,3000 I-35 North,Denton,TX,76201,(940)323-5738,43123,1453.983397,903.6565549,5,8.12,12.71,17.74,28.46,79.34,89.31,9.36,9.36,10.07,12.3,22.52,27.11
95,223,Medical Center Health System,500 W 4th St,Odessa,TX,79761,(432)640-1136,43123,1946.264019,1209.61095,6,8.59,17.03,24.52,38.51,97.77,113.36,9.36,9.51,10.42,14.33,27.75,31.24
96,226,Advocate Christ Medical Center,4440 W 95th St,Oak Lawn,IL,60453,(708)684-1352,43123,442.5373718,275.0387643,3,7.68,8.89,11.55,17.51,43.54,49.63,9.36,9.36,9.36,9.88,15.64,19.13
97,227,Penn Highland Healthcare DuBois,100 Hospital Ave,DuBois,PA,15801,(814)375-3718,43123,391.4199629,243.2690882,3,7.68,8.89,11.55,17.51,43.54,49.63,9.36,9.36,9.36,9.88,15.64,19.13
98,228,Saint Vincent Hospital,123 Summer Street,Worcester,MA,1608,(508)363-6303,43123,981.3884447,609.936883,5,8.12,12.71,17.74,28.46,79.34,89.31,9.36,9.36,10.07,12.3,22.52,27.11
99,229,Saint Joseph Hospital,One Saint Joseph Drive,Lexington,KY,40504,(859)313-1533,43123,240.4474129,149.4390385,Local,7.37,8.45,10.29,15.45,34.01,45.24,9.36,9.36,9.36,9.36,12.53,14.88
100,230,Saint Joseph East,150 N Eagle Creek Dr,Lexington,KY,40509,(859)967-5488,43123,238.3024504,148.1059356,Local,7.37,8.45,10.29,15.45,34.01,45.24,9.36,9.36,9.36,9.36,12.53,14.88
101,232,"Sutter Medical Center, Sacramento",2825 Capitol Ave,Sacramento,CA,95816,(916)887-0250,43123,3283.900698,2040.95755,8,9.68,24.01,36.77,58.46,131.06,166.61,9.36,10.62,12.92,19.55,37.19,42.47
102,237,Upstate University Hospital Downtown Campus,750 East Adams St,Syracuse,NY,13210,(315)464-4713,43123,677.140779,420.8457296,4,7.9,9.82,12.92,19.84,56.07,67.32,9.36,9.36,9.36,10.09,18.56,22.06
103,238,Medical City Las Colinas,6800 North MacArthur Blvd,Irving,TX,75039,(972)969-2375,43123,1462.468152,908.9298644,5,8.12,12.71,17.74,28.46,79.34,89.31,9.36,9.36,10.07,12.3,22.52,27.11
104,240,NYC Health & Hospitals/Jacobi ,1400 Pelham Pkwy S,Bronx,NY,10461,(718)975-6223,43123,790.0378478,491.011714,4,7.9,9.82,12.92,19.84,56.07,67.32,9.36,9.36,9.36,10.09,18.56,22.06
105,243,UMMC Midtown Campus,827 Linden Ave,Baltimore,MD,21201,(410)225-8088,43123,557.1671041,346.281606,4,7.9,9.82,12.92,19.84,56.07,67.32,9.36,9.36,9.36,10.09,18.56,22.06
106,244,Sunrise Hospital & Medical Center,3186 Maryland Pkwy,Las Vegas,NV,89109,(702)961-9255,43123,2824.636389,1755.522927,7,9.16,20.81,31.84,50.29,113.08,135.17,9.36,10.01,11.69,17.42,33.45,35.56
107,245,Doctors Community Hospital,8118 Good Luck Rd,Lanham,MD,20706,(301)552-8008,43123,544.4609802,338.3846987,4,7.9,9.82,12.92,19.84,56.07,67.32,9.36,9.36,9.36,10.09,18.56,22.06
108,246,Trinitas Regional Medical Center,225 Williamson St,Elizabeth,NJ,7202,(908)994-5148,43123,756.5147553,470.1769766,4,7.9,9.82,12.92,19.84,56.07,67.32,9.36,9.36,9.36,10.09,18.56,22.06
109,247,North Central Baptist Hospital,502 Madison Oak Dr #180,San Antonio,TX,78258,(210)403-3269,43123,1804.983155,1121.804323,6,8.59,17.03,24.52,38.51,97.77,113.36,9.36,9.51,10.42,14.33,27.75,31.24
110,250,Marymount Hospital,12300 McCracken Rd,Garfield Heights,OH,44125,(216)587-8105,43123,211.6043643,131.5129672,Local,7.37,8.45,10.29,15.45,34.01,45.24,9.36,9.36,9.36,9.36,12.53,14.88
111,251,Richmond University Medical Center,355 Bard Ave,Staten Island,NY,10310,(718)818-4438,43123,765.1428702,475.5393848,4,7.9,9.82,12.92,19.84,56.07,67.32,9.36,9.36,9.36,10.09,18.56,22.06
112,253,Lovelace Medical Center,601 Dr M L King Jr Ave NE,Albuquerque,NM,87102,(505)727-8170,43123,2139.740747,1329.857518,6,8.59,17.03,24.52,38.51,97.77,113.36,9.36,9.51,10.42,14.33,27.75,31.24
113,254,Lovelace Women’s Hospital ,4701 Montgomery Blvd NE,Albuquerque,NM,87109,(505)727-6112,43123,2130.245796,1323.956368,6,8.59,17.03,24.52,38.51,97.77,113.36,9.36,9.51,10.42,14.33,27.75,31.24
114,255,Lovelace Westside Hospital,10501 Golf Course Rd NW ,Albuquerque,NM,87114,(505)727-2024,43123,2136.941198,1328.117587,6,8.59,17.03,24.52,38.51,97.77,113.36,9.36,9.51,10.42,14.33,27.75,31.24
115,256,Ben Taub General Hospital,1504 Taub Loop,Houston,TX,77030,(713)873-2204,43123,1592.472136,989.7278658,5,8.12,12.71,17.74,28.46,79.34,89.31,9.36,9.36,10.07,12.3,22.52,27.11
116,257,Lyndon B. Johnson Hospital  ,5656 Kelley St,Houston,TX,77026,(713)566-5157,43123,1580.099712,982.0383541,5,8.12,12.71,17.74,28.46,79.34,89.31,9.36,9.36,10.07,12.3,22.52,27.11
117,259,Vista Medical Center East - Quorum Health,1324 N Sheridan Rd,Waukegan,IL,60085,(847)36-043,43123,485.6945465,301.8611228,4,7.9,9.82,12.92,19.84,56.07,67.32,9.36,9.36,9.36,10.09,18.56,22.06
118,260,CHA Cambridge Hospital,1493 Cambridge Street,Cambridge,MA,2139,(617)665-2086,43123,1039.7436,646.204848,5,8.12,12.71,17.74,28.46,79.34,89.31,9.36,9.36,10.07,12.3,22.52,27.11
119,266,Northwestern Medicine Lake Forest Hospital,1000 N Westmoreland Rd,Lake Forest,IL,60045,(847)295-5319,43123,477.5832459,296.8199167,3,7.68,8.89,11.55,17.51,43.54,49.63,9.36,9.36,9.36,9.88,15.64,19.13
120,267,Crestwood Medical Center,One Hospital Drive,Huntsville,AL,35801,(256)429-4075,43123,650.5732376,404.3338953,4,7.9,9.82,12.92,19.84,56.07,67.32,9.36,9.36,9.36,10.09,18.56,22.06
121,270,Mercy Medical Center,301 St. Paul Place,Baltimore,MD,21202,(410)332-9007,43123,558.5846491,347.1626159,4,7.9,9.82,12.92,19.84,56.07,67.32,9.36,9.36,9.36,10.09,18.56,22.06
122,271,Oklahoma State University Medical Center,744 West 9th St,Tulsa,OK,74127,(918)599-5782,43123,1205.996671,749.5318031,5,8.12,12.71,17.74,28.46,79.34,89.31,9.36,9.36,10.07,12.3,22.52,27.11
123,272,Prentice Women's Hospital,250 East Superior Street,Chicago,IL,60611,(312)472-4400,43123,442.3789157,274.9402832,3,7.68,8.89,11.55,17.51,43.54,49.63,9.36,9.36,9.36,9.88,15.64,19.13
124,273,TriStar Centennial Medical Center,2300 Patterson St,Nashville,TN,37203,(615)342-1770,43123,526.7802844,327.3960748,4,7.9,9.82,12.92,19.84,56.07,67.32,9.36,9.36,9.36,10.09,18.56,22.06
125,274,TriStar Centennial Women's Hospital,2221 Murphy Ave,Nashville,TN,37203,(615)342-1752,43123,526.7802844,327.3960748,4,7.9,9.82,12.92,19.84,56.07,67.32,9.36,9.36,9.36,10.09,18.56,22.06
126,277,CHI St. Vincent Infirmary,Two St. Vincent Circle,Little Rock,AR,72205,(501)552-3330,43123,997.2444738,619.7914691,5,8.12,12.71,17.74,28.46,79.34,89.31,9.36,9.36,10.07,12.3,22.52,27.11
127,278,CHI St. Vincent North,2215 Wildwood Ave,Sherwood,AR,72120,(501)552-7370,43123,980.1279832,609.153501,5,8.12,12.71,17.74,28.46,79.34,89.31,9.36,9.36,10.07,12.3,22.52,27.11
128,279,Kingwood Medical Center,22999 U.S. Hwy 59N,Kingwood,TX,77339,(281)348-8978,43123,1549.227329,962.8510437,5,8.12,12.71,17.74,28.46,79.34,89.31,9.36,9.36,10.07,12.3,22.52,27.11
129,280,CHI Memorial Hospital - Chattanooga,2525 de Sales Ave,Chattanooga,TN,37404,(423)495-8606,43123,572.8729744,356.0428679,4,7.9,9.82,12.92,19.84,56.07,67.32,9.36,9.36,9.36,10.09,18.56,22.06
130,281,CHI St. Joseph Regional Health Center,2801 Franciscan Dr,Bryan,TX,77802,(979)776-2573,43123,1577.665378,980.525406,5,8.12,12.71,17.74,28.46,79.34,89.31,9.36,9.36,10.07,12.3,22.52,27.11
131,286,Adventist Health White Memorial,1720 Cesar E Chavez Ave,Los Angeles,CA,90033,(323)268-5000,43123,3166.041123,1967.707348,8,9.68,24.01,36.77,58.46,131.06,166.61,9.36,10.62,12.92,19.55,37.19,42.47
132,287,Memorial Hermann Medical Plaza,"6400 Fannin, Suite 213",Houston,TX,77030,(713)383-9405,43123,1592.472136,989.7278658,5,8.12,12.71,17.74,28.46,79.34,89.31,9.36,9.36,10.07,12.3,22.52,27.11
133,288,TriStar StoneCrest Medical Center,200 StoneCrest Blvd,Smyrna,TN,37167,(615)768-2208,43123,528.6932782,328.5850082,4,7.9,9.82,12.92,19.84,56.07,67.32,9.36,9.36,9.36,10.09,18.56,22.06
134,289,CTCA at Midwestern Regional Medical Center,2520 Elisha Ave,Zion,IL,60099,(847)872-6396,43123,489.4155575,304.1737461,4,7.9,9.82,12.92,19.84,56.07,67.32,9.36,9.36,9.36,10.09,18.56,22.06
135,290,WellStar Atlanta Medical Center South,1170 Cleveland Ave,East Point,GA,30344,(404)466-1270,43123,698.8526254,434.3397299,4,7.9,9.82,12.92,19.84,56.07,67.32,9.36,9.36,9.36,10.09,18.56,22.06
136,292,The Hospitals of Providence-East Campus,3280 Joe Battle Blvd,El Paso,TX,79938,(915)832-2116,43123,2241.209566,1392.9208,6,8.59,17.03,24.52,38.51,97.77,113.36,9.36,9.51,10.42,14.33,27.75,31.24
137,296,Jackson Hospital,1725 Pine Street,Montgomery,AL,36106,(334)293-8821,43123,884.2973138,549.5943529,4,7.9,9.82,12.92,19.84,56.07,67.32,9.36,9.36,9.36,10.09,18.56,22.06
138,298,Bristol Hospital,41 Brewster Road,Bristol,CT,6011,(860)585-3986,43123,875.7141068,544.2598551,4,7.9,9.82,12.92,19.84,56.07,67.32,9.36,9.36,9.36,10.09,18.56,22.06
139,303,Ocala Regional Medical Center,1431 SW 1st Ave,Ocala,FL,34471,(352)401-1413,43123,1195.295759,742.8811431,5,8.12,12.71,17.74,28.46,79.34,89.31,9.36,9.36,10.07,12.3,22.52,27.11
140,304,Carolinas Medical Center,1000 Blythe Blvd,Charlotte,NC,28203,(704)355-2932,43123,555.404846,345.1863555,4,7.9,9.82,12.92,19.84,56.07,67.32,9.36,9.36,9.36,10.09,18.56,22.06
141,305,Carolinas Medical Center,1000 Blythe Blvd,Charlotte,NC,28203,(704)381-2052,43123,555.404846,345.1863555,4,7.9,9.82,12.92,19.84,56.07,67.32,9.36,9.36,9.36,10.09,18.56,22.06
142,307,CTCA at Western Regional Medical Center,14200 W Celebrate Life Way,Goodyear,AZ,85338,(623)207-3560,43123,2696.500552,1675.885986,7,9.16,20.81,31.84,50.29,113.08,135.17,9.36,10.01,11.69,17.42,33.45,35.56
143,308,Brandywine Hospital,201 Reeceville Rd,Coatesville,PA,19320,(610)383-8022,43123,618.8327461,384.6070516,4,7.9,9.82,12.92,19.84,56.07,67.32,9.36,9.36,9.36,10.09,18.56,22.06
144,309,The Woman's Hospital of Texas,,Houston,TX,77054,(713)790-8115,43123,1594.093002,990.7352407,5,8.12,12.71,17.74,28.46,79.34,89.31,9.36,9.36,10.07,12.3,22.52,27.11
145,310,MetroHealth Medical Center,2500 MetroHealth Drive,Cleveland,OH,44109,(216)778-5676,43123,209.3258189,130.0968421,Local,7.37,8.45,10.29,15.45,34.01,45.24,9.36,9.36,9.36,9.36,12.53,14.88
146,311,Montefiore Wakefield Campus,600 East 233rd Street,Bronx,NY,10466,(718)920-9659,43123,789.6817029,490.7903685,4,7.9,9.82,12.92,19.84,56.07,67.32,9.36,9.36,9.36,10.09,18.56,22.06
147,312,Ogden Regional Medical Center,5475 South 500 East,Ogden,UT,84405,(801)479-2077,43123,2435.333201,1513.569423,7,9.16,20.81,31.84,50.29,113.08,135.17,9.36,10.01,11.69,17.42,33.45,35.56
148,315,Corpus Christi Medical Center - Bay Area,7101 S. Padre Island Dr. ,Corpus Christi,TX,78412,(361)761-3365,43123,1885.076948,1171.582939,6,8.59,17.03,24.52,38.51,97.77,113.36,9.36,9.51,10.42,14.33,27.75,31.24
149,316,Corpus Christi Medical Center – Doctors Regional,3315 S. Alameda,Corpus Christi,TX,78411,(361)761-1422,43123,1885.136611,1171.620019,6,8.59,17.03,24.52,38.51,97.77,113.36,9.36,9.51,10.42,14.33,27.75,31.24
150,317,Wilkes-Barre General Hospital,575 N. River St.,Wilkes-Barre,PA,18764,(570)552-1241,43123,627.5446358,390.0215263,4,7.9,9.82,12.92,19.84,56.07,67.32,9.36,9.36,9.36,10.09,18.56,22.06
151,318,Advocate Lutheran General Hospital,1775 Dempster St,Park Ridge,IL,60068,(847)723-0877,43123,464.4524106,288.6590495,3,7.68,8.89,11.55,17.51,43.54,49.63,9.36,9.36,9.36,9.88,15.64,19.13
152,319,Aurora St. Luke's Medical Center,2900 Oklahoma Ave.,Milwaukee,WI,53215,(414)649-7017,43123,533.4500592,331.5413668,4,7.9,9.82,12.92,19.84,56.07,67.32,9.36,9.36,9.36,10.09,18.56,22.06
153,320,Aurora Sinai Medical Center,945 N. 12th Street,Milwaukee,WI,53233,(414)219-7385,43123,535.4338289,332.7742877,4,7.9,9.82,12.92,19.84,56.07,67.32,9.36,9.36,9.36,10.09,18.56,22.06
154,321,Aurora St. Luke's South Shore,5900 S. Lake Dr.,Cudahy,WI,53110,(414)489-4240,43123,524.3468858,325.8837078,4,7.9,9.82,12.92,19.84,56.07,67.32,9.36,9.36,9.36,10.09,18.56,22.06
155,322,Carolinas HealthCare System University,8800 N. Tryon St,Charlotte,NC,28262,(704)863-5939,43123,547.4930438,340.2691385,4,7.9,9.82,12.92,19.84,56.07,67.32,9.36,9.36,9.36,10.09,18.56,22.06
156,323,Berkshire Medical Center,725 North Street,Pittsfield,MA,1201,(413)447-2258,43123,871.0185219,541.3415301,4,7.9,9.82,12.92,19.84,56.07,67.32,9.36,9.36,9.36,10.09,18.56,22.06
157,324,Norton Brownsboro Hospital,"4960 Norton Healthcare Blvd.,",Louisville,KY,40241,(502)446-8120,43123,277.8375116,172.6771359,3,7.68,8.89,11.55,17.51,43.54,49.63,9.36,9.36,9.36,9.88,15.64,19.13
158,326,University Medical Center of Southern Nevada,"1800 West Charleston Blvd., Suite G",Las Vegas,NV,89102,(702)383-2338,43123,2828.724378,1758.063628,7,9.16,20.81,31.84,50.29,113.08,135.17,9.36,10.01,11.69,17.42,33.45,35.56
159,327,Columbia St. Mary's Hospital Milwaukee,2301 N. Lake Drive - Main Hospital,Milwaukee,WI,53211,(414)291-5190,43123,535.4785992,332.8021126,4,7.9,9.82,12.92,19.84,56.07,67.32,9.36,9.36,9.36,10.09,18.56,22.06
160,329,Columbia St. Mary's Hospital Ozaukee,13111 N. Port Washington Road,Mequon,WI,53097,(262)243-7328,43123,554.4140455,344.570569,4,7.9,9.82,12.92,19.84,56.07,67.32,9.36,9.36,9.36,10.09,18.56,22.06
161,330,Rush Oak Park Hospital,520 S. Maple,Oak Park,IL,60304,(708)660-2377,43123,453.1368561,281.6263867,3,7.68,8.89,11.55,17.51,43.54,49.63,9.36,9.36,9.36,9.88,15.64,19.13
162,332,Aurora Medical Center Summit,36500 Aurora Drive,Summit,WI,53066,(262)434-1030,43123,575.3622361,357.5899541,4,7.9,9.82,12.92,19.84,56.07,67.32,9.36,9.36,9.36,10.09,18.56,22.06
163,335,Lankenau Medical Center,100 Lancaster Avenue,Wynnewood,PA,19096,(484)476-2718,43123,665.5748868,413.6574809,4,7.9,9.82,12.92,19.84,56.07,67.32,9.36,9.36,9.36,10.09,18.56,22.06
164,336,St. David's North Austin Medical Center,12220 Renfert Way,Austin,TX,78758,(512)901-2754,43123,1694.835615,1053.347181,6,8.59,17.03,24.52,38.51,97.77,113.36,9.36,9.51,10.42,14.33,27.75,31.24
165,339,City of Hope,1500 East Duarte Roade,Duarte,CA,91010,(626)256-4673,43123,3140.718347,1951.96914,8,9.68,24.01,36.77,58.46,131.06,166.61,9.36,10.62,12.92,19.55,37.19,42.47
166,341,St. Elizabeth's Medical Center,736 Cambridge Street,Boston,MA,2135,(617)789-2564,43123,1035.151874,643.3510715,5,8.12,12.71,17.74,28.46,79.34,89.31,9.36,9.36,10.07,12.3,22.52,27.11
167,343,The Mount Sinai Hospital - Levy,One Gustave L. Levy Place,New York,NY,10029,(212)241-4438,43123,780.8490713,485.3008523,4,7.9,9.82,12.92,19.84,56.07,67.32,9.36,9.36,9.36,10.09,18.56,22.06
168,344,Aurora Medical Center Grafton,975 Port Washington Road,Grafton,WI,53024,(262)329-1650,43123,556.8662954,346.0946522,4,7.9,9.82,12.92,19.84,56.07,67.32,9.36,9.36,9.36,10.09,18.56,22.06
169,345,Houston Methodist West Hospital,18500 Katy Freeway,Houston,TX,77094,(832)522-3220,43123,1606.916094,998.7048438,5,8.12,12.71,17.74,28.46,79.34,89.31,9.36,9.36,10.07,12.3,22.52,27.11
170,346,Dr. P. Phillips Hospital,9400 Turkey Lake Road,Orlando,FL,32819,(321)842-8894,43123,1279.470602,795.1961477,5,8.12,12.71,17.74,28.46,79.34,89.31,9.36,9.36,10.07,12.3,22.52,27.11
171,347,Winnie Palmer Hospital for Women & Babies,WPH Receiving Dock,Orlando,FL,32806,(321)843-1222,43123,1273.860154,791.7092319,5,8.12,12.71,17.74,28.46,79.34,89.31,9.36,9.36,10.07,12.3,22.52,27.11
172,348,Orlando Regional Medical Center,ORMC Receiving Dock,Orlando,FL,32806,(321)841-5382,43123,1273.860154,791.7092319,5,8.12,12.71,17.74,28.46,79.34,89.31,9.36,9.36,10.07,12.3,22.52,27.11
173,350,Arnold Palmer Hospital for Children,92 West Miller Street,Orlando,FL,32806,(321)841-1653,43123,1273.860154,791.7092319,5,8.12,12.71,17.74,28.46,79.34,89.31,9.36,9.36,10.07,12.3,22.52,27.11
174,351,South Seminole Hospital,555 W. State Road 434,Longwood,FL,32752,(321)842-5196,43123,1249.981522,776.8685655,5,8.12,12.71,17.74,28.46,79.34,89.31,9.36,9.36,10.07,12.3,22.52,27.11
175,354,Mercy Medical Center,345 St. Paul Place,Baltimore,MD,21202,(410)332-9171,43123,558.5846491,347.1626159,4,7.9,9.82,12.92,19.84,56.07,67.32,9.36,9.36,9.36,10.09,18.56,22.06
176,355,Saint Mary's Regional Medical Center,235 West Sixth Street,Reno,NV,89503,(775)770-3109,43123,3121.72915,1940.167278,8,9.68,24.01,36.77,58.46,131.06,166.61,9.36,10.62,12.92,19.55,37.19,42.47
177,356,Portsmouth Regional Hospital,333 Borthwick Avenue,Portsmouth,NH,3801,(603)433-4039,43123,1081.511209,672.1635852,5,8.12,12.71,17.74,28.46,79.34,89.31,9.36,9.36,10.07,12.3,22.52,27.11
178,357,Moffitt Cancer Center,"3011 W, Holly Drive",Tampa,FL,33612,(813)745-2808,43123,1316.858588,818.4329323,5,8.12,12.71,17.74,28.46,79.34,89.31,9.36,9.36,10.07,12.3,22.52,27.11
179,358,Norwood Hospital,800 Washington Street,Norwood,MA,2062,(781)278-6162,43123,1027.98838,638.8989309,5,8.12,12.71,17.74,28.46,79.34,89.31,9.36,9.36,10.07,12.3,22.52,27.11
180,359,MassMutual Financial Services,Springfield Campus,Springfield,MA,1111,(413)744-3500,43123,914.4824175,568.3545168,4,7.9,9.82,12.92,19.84,56.07,67.32,9.36,9.36,9.36,10.09,18.56,22.06
181,360,MassMutual Financial Services,Bright Meadow Campus,Enfield,CT,6082,(860)562-3500,43123,913.4744297,567.7280483,4,7.9,9.82,12.92,19.84,56.07,67.32,9.36,9.36,9.36,10.09,18.56,22.06
182,361,Medical Center Health System,500 W 4th St,Odessa,TX,79761,(432)640-1924,43123,1946.264019,1209.61095,6,8.59,17.03,24.52,38.51,97.77,113.36,9.36,9.51,10.42,14.33,27.75,31.24
183,363,Aurora BayCare Medical Center,2845 Greenbrier Road,Green Bay,WI,54311,(920)288-3290,43123,649.3331755,403.5631917,4,7.9,9.82,12.92,19.84,56.07,67.32,9.36,9.36,9.36,10.09,18.56,22.06
184,364,South Lake Hospital,1900 Don Wickham Drive,Clermont,FL,34711,(352)394-4071,43123,1265.563088,786.5525715,5,8.12,12.71,17.74,28.46,79.34,89.31,9.36,9.36,10.07,12.3,22.52,27.11
185,366,RWJ University Hospital Somerset,110 Rehill Ave,Somerville,NJ,8876,(908)685-2480,43123,716.7913006,445.488689,4,7.9,9.82,12.92,19.84,56.07,67.32,9.36,9.36,9.36,10.09,18.56,22.06
186,367,Bryan Medical Center East,1600 South 48th Street,Lincoln,NE,68506,(402)481-8359,43123,1152.545472,716.3116672,5,8.12,12.71,17.74,28.46,79.34,89.31,9.36,9.36,10.07,12.3,22.52,27.11
187,368,Bryan Medical Center East,1500 South 48th Street,Lincoln,NE,68506,(402)481-7101,43123,1152.545472,716.3116672,5,8.12,12.71,17.74,28.46,79.34,89.31,9.36,9.36,10.07,12.3,22.52,27.11
188,369,Bryan Medical Center West,2300 South 16th Street,Lincoln,NE,68502,(402)481-4852,43123,1156.818672,718.9674778,5,8.12,12.71,17.74,28.46,79.34,89.31,9.36,9.36,10.07,12.3,22.52,27.11
189,371,Houston Methodist Sugar Land Hospital,16655 Southwest Freeway,Sugar Land,TX,77479,(281)274-0135,43123,1616.096743,1004.410655,6,8.59,17.03,24.52,38.51,97.77,113.36,9.36,9.51,10.42,14.33,27.75,31.24
190,372,Houston Methodist Sugar Land Hospital,16655 Southwest Freeway,Sugar Land,TX,77479,(281)274-8338,43123,1616.096743,1004.410655,6,8.59,17.03,24.52,38.51,97.77,113.36,9.36,9.51,10.42,14.33,27.75,31.24
191,373,Northeast Methodist Hospital,12412 Judson Road,Live Oak,TX,78233,(210)757-5117,43123,1803.308363,1120.763433,6,8.59,17.03,24.52,38.51,97.77,113.36,9.36,9.51,10.42,14.33,27.75,31.24
192,374,Southwest General Hospital,7400 Barlite Blvd. ,San Antonio,TX,78224,(210)924-6102,43123,1832.379573,1138.831307,6,8.59,17.03,24.52,38.51,97.77,113.36,9.36,9.51,10.42,14.33,27.75,31.24
193,375,UPMC East,2775 Mosside Blvd,Monroeville,PA,15146,(412)357-3068,43123,288.7640487,179.4680228,3,7.68,8.89,11.55,17.51,43.54,49.63,9.36,9.36,9.36,9.88,15.64,19.13
194,376,Ann & Robert H. Lurie Children’s Hospital of Chicago ,200 E. Superior Street,Chicago,IL,60611,(312)227-3400,43123,442.3789157,274.9402832,3,7.68,8.89,11.55,17.51,43.54,49.63,9.36,9.36,9.36,9.88,15.64,19.13
195,377,Mount Carmel East,6001 East Broad Street,Columbus,OH,43213,(614)234-6713,43123,23.68876097,14.72266064,Local,7.37,8.45,10.29,15.45,34.01,45.24,9.36,9.36,9.36,9.36,12.53,14.88
196,378,Mount Carmel Grove City,5300 North Meadows Dr,Grove City,OH,43123,(614)669-6239,43123,0,0,Local,7.37,8.45,10.29,15.45,34.01,45.24,9.36,9.36,9.36,9.36,12.53,14.88
197,379,Mount Carmel St. Ann`s,500 South Cleveland Avenue,Westerville,OH,43081,(380)898-4144,43123,29.84248195,18.54722309,Local,7.37,8.45,10.29,15.45,34.01,45.24,9.36,9.36,9.36,9.36,12.53,14.88
198,380,Mount Carmel New Albany ,7333 Smith's Mill Road,New Albany,OH,43054,(614)775-5446,43123,33.18248627,20.62304927,Local,7.37,8.45,10.29,15.45,34.01,45.24,9.36,9.36,9.36,9.36,12.53,14.88
199,381,Mount Carmel Corporate Service Center,6150 East Broad Street,Columbus,OH,43213,(614)546-3620,43123,23.68876097,14.72266064,Local,7.37,8.45,10.29,15.45,34.01,45.24,9.36,9.36,9.36,9.36,12.53,14.88
200,384,St. Luke's Baptist Hospital,7930 Floyd Curl Drive,San Antonio,TX,78229,(210)297-5679,43123,1821.709757,1132.199973,6,8.59,17.03,24.52,38.51,97.77,113.36,9.36,9.51,10.42,14.33,27.75,31.24
201,386,WellStar North Fulton Hospital,3000 Hospital Blvd,Roswell,GA,30076,(770)751-2574,43123,660.6447749,410.5933964,4,7.9,9.82,12.92,19.84,56.07,67.32,9.36,9.36,9.36,10.09,18.56,22.06
202,387,SwedishAmerican Hospital,"1401 East State Street, Third Floor",Rockford,IL,61104,(779)696-4320,43123,567.3392402,352.6036297,4,7.9,9.82,12.92,19.84,56.07,67.32,9.36,9.36,9.36,10.09,18.56,22.06
203,388,SwedishAmerican Hospital,"1401 East State Street, First Floor",Rockford,IL,61104,(779)696-3626,43123,567.3392402,352.6036297,4,7.9,9.82,12.92,19.84,56.07,67.32,9.36,9.36,9.36,10.09,18.56,22.06
204,389,Jefferson Torresdale Hospital,10800 Knights Road,Philadelphia,PA,19114,(215)612-4574,43123,689.0133286,428.2245672,4,7.9,9.82,12.92,19.84,56.07,67.32,9.36,9.36,9.36,10.09,18.56,22.06
205,390,Touro Infirmary,1401 Foucher Street,New Orleans,LA,70115,(504)897-8716,43123,1277.271054,793.8291197,5,8.12,12.71,17.74,28.46,79.34,89.31,9.36,9.36,10.07,12.3,22.52,27.11
206,391,Paoli Hospital,255 W. Lancaster Ave,Paoli,PA,19301,(484)565-1104,43123,647.8844287,402.6627898,4,7.9,9.82,12.92,19.84,56.07,67.32,9.36,9.36,9.36,10.09,18.56,22.06
207,393,Good Samaritan Medical Center,1309 North Flagler Drive,West Palm Beach,FL,33401,(561)650-6226,43123,1490.198243,926.1642282,5,8.12,12.71,17.74,28.46,79.34,89.31,9.36,9.36,10.07,12.3,22.52,27.11
208,394,CTCA at Southeastern Regional Medical Center,600 Celebrate Life Parkway,Newnan,GA,30265,(770)400-6470,43123,735.6127568,457.1863001,4,7.9,9.82,12.92,19.84,56.07,67.32,9.36,9.36,9.36,10.09,18.56,22.06
209,395,Levine Cancer Institute,1021 Morehead Medical Drive,Charlotte,NC,28204,(980)442-1010,43123,555.9751803,345.5408206,4,7.9,9.82,12.92,19.84,56.07,67.32,9.36,9.36,9.36,10.09,18.56,22.06
210,396,Marian Regional Medical Center,1400 East Church Street,Santa Maria,CA,93454,(805)739-3524,43123,3318.990237,2062.76584,8,9.68,24.01,36.77,58.46,131.06,166.61,9.36,10.62,12.92,19.55,37.19,42.47
211,397,Northern Light Eastern Maine Medical Center,489 State Street,Bangor,ME,4401,(207)973-8299,43123,1294.276714,804.3982061,5,8.12,12.71,17.74,28.46,79.34,89.31,9.36,9.36,10.07,12.3,22.52,27.11
212,398,West Suburban Medical Center,3 Erie Court,Oak Park,IL,60302,(708)763-6735,43123,454.3060563,282.3530493,3,7.68,8.89,11.55,17.51,43.54,49.63,9.36,9.36,9.36,9.88,15.64,19.13
213,399,Lafayette General Medical Center,1214 Coolidge Street,Lafayette,LA,70503,(337)289-7194,43123,1350.801645,839.528679,5,8.12,12.71,17.74,28.46,79.34,89.31,9.36,9.36,10.07,12.3,22.52,27.11
214,401,Little Company of Mary Hospital,2800 W. 95th Street,Evergreen Park,IL,60805,(708)229-5088,43123,439.2450801,272.9925917,3,7.68,8.89,11.55,17.51,43.54,49.63,9.36,9.36,9.36,9.88,15.64,19.13
215,402,Akron General,1 Akron General Ave,Akron,OH,44307,(330)344-6909,43123,185.2316619,115.1222262,Local,7.37,8.45,10.29,15.45,34.01,45.24,9.36,9.36,9.36,9.36,12.53,14.88
216,403,Rockledge Regional Medical Center,110 Longwood Avenue,Rockledge,FL,32955,(321)637-2605,43123,1304.262659,810.6045117,5,8.12,12.71,17.74,28.46,79.34,89.31,9.36,9.36,10.07,12.3,22.52,27.11
217,405,Adventist Health Glendale,1509 Wilson Terrace,Glendale,CA,91206,(818)409-8049,43123,3163.604905,1966.193228,8,9.68,24.01,36.77,58.46,131.06,166.61,9.36,10.62,12.92,19.55,37.19,42.47
218,406,MountainView Hospital,3100 North Tenaya Way,Las Vegas,NV,89128,(702)962-8500,43123,2832.325166,1760.301532,7,9.16,20.81,31.84,50.29,113.08,135.17,9.36,10.01,11.69,17.42,33.45,35.56
219,408,Baptist Hospital,Re:Sourxe Gifts,Pensacola,FL,32506,(850)434-4886,43123,1120.367331,696.3128221,5,8.12,12.71,17.74,28.46,79.34,89.31,9.36,9.36,10.07,12.3,22.52,27.11
220,409,Penn Medicine - Princeton Medical Center,One Plainsboro Road,Princeton,NJ,8536,(609)853-6188,43123,725.6348489,450.98499,4,7.9,9.82,12.92,19.84,56.07,67.32,9.36,9.36,9.36,10.09,18.56,22.06
221,412,Presbyterian-St. Luke's Medical Center,Re:sourxe Gifts,Denver,CO,80218,(720)754-6030,43123,1865.04406,1159.132418,6,8.59,17.03,24.52,38.51,97.77,113.36,9.36,9.51,10.42,14.33,27.75,31.24
222,415,Sentara CarePlex Hospital,3000 Coliseum Drive,Hampton,VA,23666,(757)736-8179,43123,660.850646,410.7213462,4,7.9,9.82,12.92,19.84,56.07,67.32,9.36,9.36,9.36,10.09,18.56,22.06
223,416,Medical University of South Carolina,169 Ashley Ave,Charleston,SC,29425,(843)792-5391,43123,837.3315156,520.4049196,4,7.9,9.82,12.92,19.84,56.07,67.32,9.36,9.36,9.36,10.09,18.56,22.06
224,417,Medical University of South Carolina,Ashley River Tower,Charleston,SC,29425,(843)876-5761,43123,837.3315156,520.4049196,4,7.9,9.82,12.92,19.84,56.07,67.32,9.36,9.36,9.36,10.09,18.56,22.06
225,418,NYC Health & Hospitals/Kings County,451 Clarkson,Brooklyn,NY,11203,(718)245-5246,43123,780.6069469,485.150371,4,7.9,9.82,12.92,19.84,56.07,67.32,9.36,9.36,9.36,10.09,18.56,22.06
226,420,Methodist Stone Oak Hospital,1139 E. Sonterra Boulevard,San Antonio,TX,78258,(210)638-2160,43123,1804.983155,1121.804323,6,8.59,17.03,24.52,38.51,97.77,113.36,9.36,9.51,10.42,14.33,27.75,31.24
227,421,Our Lady of Fatima Hospital,200 High Service Avenue,North Providence,RI,2904,(401)456-3906,43123,1002.706034,623.1858509,5,8.12,12.71,17.74,28.46,79.34,89.31,9.36,9.36,10.07,12.3,22.52,27.11
228,422,Jefferson Stratford Hospital,18 East Laurel Road,Stratford,NJ,8084,(856)346-7168,43123,688.5846052,427.9581139,4,7.9,9.82,12.92,19.84,56.07,67.32,9.36,9.36,9.36,10.09,18.56,22.06
229,423,Jefferson Washington Township Hospital,435 Hurffville-Cross Keys Road,Turnersville,NJ,8012,(856)582-2611,43123,686.9523514,426.9436616,4,7.9,9.82,12.92,19.84,56.07,67.32,9.36,9.36,9.36,10.09,18.56,22.06
230,424,Salinas Valley Memorial Hospital,450 East Romie Lane,Salinas,CA,93901,(831)759-1824,43123,3360.155997,2088.350526,8,9.68,24.01,36.77,58.46,131.06,166.61,9.36,10.62,12.92,19.55,37.19,42.47
231,425,UPMC Shadyside Hospital,5230 Centre Avenue,Pittsburgh,PA,15232,(412)864-6781,43123,275.2393956,171.0623963,3,7.68,8.89,11.55,17.51,43.54,49.63,9.36,9.36,9.36,9.88,15.64,19.13
232,426,UPMC Hillman Cancer Center,5115 Centre Avenue,Pittsburgh,PA,15232,(412)623-4654,43123,275.2393956,171.0623963,3,7.68,8.89,11.55,17.51,43.54,49.63,9.36,9.36,9.36,9.88,15.64,19.13
233,427,Las Palmas Medical Center,1801 North Oregon,El Paso,TX,79902,(915)521-1284,43123,2285.968452,1420.738628,7,9.16,20.81,31.84,50.29,113.08,135.17,9.36,10.01,11.69,17.42,33.45,35.56
234,428,University of Chicago Center for Care and Discovery,5700 S. Maryland Ave.,Chicago,IL,60637,(773)926-1300,43123,435.0296108,270.3726606,3,7.68,8.89,11.55,17.51,43.54,49.63,9.36,9.36,9.36,9.88,15.64,19.13
235,429,St. David's Round Rock Medical Center,2400 Round Rock Avenue,Round Rock,TX,78681,(512)341-5233,43123,1682.904296,1045.931819,6,8.59,17.03,24.52,38.51,97.77,113.36,9.36,9.51,10.42,14.33,27.75,31.24
236,430,UF Health Shands Hospital,1600 SW Archer Road,Gainesville,FL,32610,(352)265-0121,43123,1136.146075,706.1193754,5,8.12,12.71,17.74,28.46,79.34,89.31,9.36,9.36,10.07,12.3,22.52,27.11
237,431,UF Health Shands Hospital,1515 SW Archer Road,Gainesville,FL,32610,(352)733-0917,43123,1136.146075,706.1193754,5,8.12,12.71,17.74,28.46,79.34,89.31,9.36,9.36,10.07,12.3,22.52,27.11
238,432,Wesley Medical Center,550 North Hillside,Wichita,KS,67214,(316)962-2200,43123,1255.295963,780.1715121,5,8.12,12.71,17.74,28.46,79.34,89.31,9.36,9.36,10.07,12.3,22.52,27.11
239,433,Hasbro Children's Hospital,593 Eddy Street,Providence,RI,2903,(401)444-4777,43123,1003.938106,623.9515885,5,8.12,12.71,17.74,28.46,79.34,89.31,9.36,9.36,10.07,12.3,22.52,27.11
240,434,Mercy Health - West Hospital,3300 Mercy Blvd,Cincinnati,OH,45211,(513)215-0525,43123,153.0018339,95.09125785,Local,7.37,8.45,10.29,15.45,34.01,45.24,9.36,9.36,9.36,9.36,12.53,14.88
241,435,John Peter Smith Hospital,1500 S. Main Street,Fort Worth,TX,76104,(817)702-3741,43123,1500.571085,932.610991,5,8.12,12.71,17.74,28.46,79.34,89.31,9.36,9.36,10.07,12.3,22.52,27.11
242,436,FHN Memorial Hospital,1045 West Stephenson Street,Freeport,IL,61032,(815)599-6371,43123,611.0283203,379.7565695,4,7.9,9.82,12.92,19.84,56.07,67.32,9.36,9.36,9.36,10.09,18.56,22.06
243,437,Presence Saint Joseph Hospital,77 North Airlite Street,Elgin,IL,60123,(847)695-3200,43123,500.5699531,311.106248,4,7.9,9.82,12.92,19.84,56.07,67.32,9.36,9.36,9.36,10.09,18.56,22.06
244,439,The Mount Sinai Hospital - Klingstein,"1176 Fifth Avenue at East 98th Street, First Floor",New York,NY,10029,(212)241-9770,43123,780.8490713,485.3008523,4,7.9,9.82,12.92,19.84,56.07,67.32,9.36,9.36,9.36,10.09,18.56,22.06
245,440,The Medical Center of Trinity,9330 State Road 54,Trinity,FL,34655,(727)834-4772,43123,1298.00716,806.7166935,5,8.12,12.71,17.74,28.46,79.34,89.31,9.36,9.36,10.07,12.3,22.52,27.11
246,441,Palos Health,12251 S. 80th Avenue,Palos Heights,IL,60463,(708)923-4045,43123,443.1271221,275.4052965,3,7.68,8.89,11.55,17.51,43.54,49.63,9.36,9.36,9.36,9.88,15.64,19.13
247,443,Houston Methodist Willowbrook Hospital,18220 State Highway 249,Houston,TX,77070,(281)737-4438,43123,1581.38903,982.8396706,5,8.12,12.71,17.74,28.46,79.34,89.31,9.36,9.36,10.07,12.3,22.52,27.11
248,444,Houston Methodist Willowbrook Hospital,18220 State Highway 249,Houston,TX,77070,(281)737-8189,43123,1581.38903,982.8396706,5,8.12,12.71,17.74,28.46,79.34,89.31,9.36,9.36,10.07,12.3,22.52,27.11
249,445,Tomball Regional Medical Ctr,605 Holderrieth Blvd,Tomball,TX,77375,(281)401-7246,43123,1576.156991,979.5879374,5,8.12,12.71,17.74,28.46,79.34,89.31,9.36,9.36,10.07,12.3,22.52,27.11
250,446,Saint Francis Hospital,5959 Park Avenue,Memphis,TN,38119,(901)765-1834,43123,800.3236561,497.4043854,4,7.9,9.82,12.92,19.84,56.07,67.32,9.36,9.36,9.36,10.09,18.56,22.06
251,447,Saint Francis Hospital - Bartlett,2986 Kate Bond Road,Bartlett,TN,38133,(901)820-7025,43123,787.8133168,489.629159,4,7.9,9.82,12.92,19.84,56.07,67.32,9.36,9.36,9.36,10.09,18.56,22.06
252,448,St. Mary Medical Center,1050 Linden Avenue,Long Beach,CA,90813,(562)491-9230,43123,3175.213905,1973.408269,8,9.68,24.01,36.77,58.46,131.06,166.61,9.36,10.62,12.92,19.55,37.19,42.47
253,450,The Medical Center of Aurora,1501 S Potomac,Aurora,CO,80012,(303)695-2733,43123,1854.182582,1152.381965,6,8.59,17.03,24.52,38.51,97.77,113.36,9.36,9.51,10.42,14.33,27.75,31.24
254,451,CHI Memorial Hospital - Chattanooga,2525 de Sales Ave,Chattanooga,TN,37404,(423)495-2065,43123,572.8729744,356.0428679,4,7.9,9.82,12.92,19.84,56.07,67.32,9.36,9.36,9.36,10.09,18.56,22.06
255,452,St. Thomas Rutherford Hospital,1700 Medical Center Parkway,Murfreesboro,TN,37129,(615)396-4177,43123,533.2851417,331.4388699,4,7.9,9.82,12.92,19.84,56.07,67.32,9.36,9.36,9.36,10.09,18.56,22.06
256,453,The Queen's Medical Center - West O'ahu,91-2141 Fort Weaver Rd. ,Ewa Beach,HI,96706,(808)691-3139,43123,7252.398691,4507.395085,8,9.68,24.01,36.77,58.46,131.06,166.61,9.36,10.62,12.92,19.55,37.19,42.47
257,454,Grand Strand Medical Center,809 82nd Parkway,Myrtle Beach,SC,29572,(843)692-4661,43123,779.8879146,484.7034895,4,7.9,9.82,12.92,19.84,56.07,67.32,9.36,9.36,9.36,10.09,18.56,22.06
258,456,Fairview Ridges Hospital,201 E. Nicollet Blvd.,Burnsville,MN,55337,(952)892-2250,43123,997.0624722,619.6783544,5,8.12,12.71,17.74,28.46,79.34,89.31,9.36,9.36,10.07,12.3,22.52,27.11
259,457,University of Minnesota Masonic Children's Hospital,2414 7th Street,Minneapolis,MN,55454,(612)365-4438,43123,1006.385445,625.4726195,5,8.12,12.71,17.74,28.46,79.34,89.31,9.36,9.36,10.07,12.3,22.52,27.11
260,458,Eastern Idaho Regional Medical Center,3100 Channing Way,Idaho Falls,ID,83404,(208)535-4040,43123,2422.941986,1505.868232,7,9.16,20.81,31.84,50.29,113.08,135.17,9.36,10.01,11.69,17.42,33.45,35.56
261,459,Carolinas HealthCare System Cleveland,SHIPPING: 1835 East Dixon Blvd.,Shelby,NC,28152,(980)487-3100,43123,530.7438034,329.8594179,4,7.9,9.82,12.92,19.84,56.07,67.32,9.36,9.36,9.36,10.09,18.56,22.06
262,460,Queen of the Valley Medical Center,1000 Trancas Street,Napa,CA,94558,(707)252-4411,43123,3353.589302,2084.269299,8,9.68,24.01,36.77,58.46,131.06,166.61,9.36,10.62,12.92,19.55,37.19,42.47
263,461,UPMC Hamot,201 State Street,Erie,PA,16550,(814)877-7084,43123,354.6288193,220.4032438,3,7.68,8.89,11.55,17.51,43.54,49.63,9.36,9.36,9.36,9.88,15.64,19.13
264,462,Glendale Memorial Hospital and Health Center,1420 S. Central Avenue,Glendale,CA,91204,(818)502-2213,43123,3166.705625,1968.120339,8,9.68,24.01,36.77,58.46,131.06,166.61,9.36,10.62,12.92,19.55,37.19,42.47
265,463,Conemaugh Memorial Medical Center,1086 Franklin Street,Johnstown,PA,15905,(814)534-9795,43123,355.3696773,220.86369,3,7.68,8.89,11.55,17.51,43.54,49.63,9.36,9.36,9.36,9.88,15.64,19.13
266,464,University of Illinois Hospital,912 S. Paulina,Chicago,IL,60612,(312)996-3791,43123,446.2163478,277.3252628,3,7.68,8.89,11.55,17.51,43.54,49.63,9.36,9.36,9.36,9.88,15.64,19.13
267,465,Sentara Norfolk General Hospital,600 Gresham Drive,Norfolk,VA,23507,(757)388-3027,43123,679.5928574,422.3697063,4,7.9,9.82,12.92,19.84,56.07,67.32,9.36,9.36,9.36,10.09,18.56,22.06
268,466,Swedish Covenant Hospital,5145 North California Avenue,Chicago,IL,60625,(773)878-8200,43123,452.2604814,281.0817162,3,7.68,8.89,11.55,17.51,43.54,49.63,9.36,9.36,9.36,9.88,15.64,19.13
269,467,Wake Forest Baptist Health High Point Medical Center,601 N. Elm Street,High Point,NC,27262,(336)878-6014,43123,511.2775033,317.7610337,4,7.9,9.82,12.92,19.84,56.07,67.32,9.36,9.36,9.36,10.09,18.56,22.06
270,468,CHI St. Luke's Health - Baylor St. Luke's Medical Center,6720 Bertner Avenue,Houston,TX,77030,(832)355-5123,43123,1592.472136,989.7278658,5,8.12,12.71,17.74,28.46,79.34,89.31,9.36,9.36,10.07,12.3,22.52,27.11
271,470,Cooper University Health Care,One Cooper Plaza,Camden,NJ,8103,(856)342-2991,43123,679.7867233,422.4901947,4,7.9,9.82,12.92,19.84,56.07,67.32,9.36,9.36,9.36,10.09,18.56,22.06
272,471,Kaiser Permanente South Bay Medical Center,25820 North Normandie Avenue,Harbor City,CA,90710,(310)257-5120,43123,3184.435021,1979.13923,8,9.68,24.01,36.77,58.46,131.06,166.61,9.36,10.62,12.92,19.55,37.19,42.47
273,473,TIRR Memorial Hermann,1333 Moursund,Houston,TX,77030,(713)797-5229,43123,1592.472136,989.7278658,5,8.12,12.71,17.74,28.46,79.34,89.31,9.36,9.36,10.07,12.3,22.52,27.11
274,475,Memorial Hermann Greater Heights Hospital,1635 North Loop West,Houston,TX,77008,(713)867-4461,43123,1585.260893,985.2460492,5,8.12,12.71,17.74,28.46,79.34,89.31,9.36,9.36,10.07,12.3,22.52,27.11
275,476,New York Presbyterian Queens,56-45 Main St,Flushing,NY,11355,(718)661-7842,43123,790.7881999,491.4780608,4,7.9,9.82,12.92,19.84,56.07,67.32,9.36,9.36,9.36,10.09,18.56,22.06
276,477,Memorial Hermann Sugar Land,17500 W. Grand Parkway,Sugar Land,TX,77479,(281)725-5170,43123,1616.096743,1004.410655,6,8.59,17.03,24.52,38.51,97.77,113.36,9.36,9.51,10.42,14.33,27.75,31.24
277,478,Carolinas Medical Center - Mercy,2001 Vail Avenue,Charlotte,NC,28207,(704)304-5910,43123,557.9010424,346.7377516,4,7.9,9.82,12.92,19.84,56.07,67.32,9.36,9.36,9.36,10.09,18.56,22.06
278,479,Medical City Alliance,3101 North Tarrant Pkwy,Fort Worth,TX,76117,(817)639-1795,43123,1491.551931,927.0055504,5,8.12,12.71,17.74,28.46,79.34,89.31,9.36,9.36,10.07,12.3,22.52,27.11
279,480,Providence Hospital,2435 Forest Drive,Columbia,SC,29204,(803)256-5361,43123,676.739457,420.5963064,4,7.9,9.82,12.92,19.84,56.07,67.32,9.36,9.36,9.36,10.09,18.56,22.06
280,482,Aurora Medical Center,10400 75th Street,Kenosha,WI,53142,(262)948-6757,43123,498.5942442,309.878337,4,7.9,9.82,12.92,19.84,56.07,67.32,9.36,9.36,9.36,10.09,18.56,22.06
281,483,Arrowhead Regional Medical Center,400 North Pepper Avenue,Colton,CA,92324,(909)580-1272,43123,3088.18652,1919.320398,8,9.68,24.01,36.77,58.46,131.06,166.61,9.36,10.62,12.92,19.55,37.19,42.47
282,484,Jewish Hospital,200 Abraham Flexner Way,Louisville,KY,40202,(502)587-4250,43123,292.8309587,181.9956238,3,7.68,8.89,11.55,17.51,43.54,49.63,9.36,9.36,9.36,9.88,15.64,19.13
283,485,Loyola University Medical Center,2160 South 1st Avenue,Maywood,IL,60153,(708)216-5397,43123,457.567331,284.3799447,3,7.68,8.89,11.55,17.51,43.54,49.63,9.36,9.36,9.36,9.88,15.64,19.13
284,486,Regional Hospital of Scranton,746 Jefferson Avenue,Scranton,PA,18510,(570)770-3240,43123,649.6613319,403.7671423,4,7.9,9.82,12.92,19.84,56.07,67.32,9.36,9.36,9.36,10.09,18.56,22.06
285,487,North Suburban Medical Center,9191 Grant Street,Thornton,CO,80229,(303)453-2009,43123,1858.985937,1155.36727,6,8.59,17.03,24.52,38.51,97.77,113.36,9.36,9.51,10.42,14.33,27.75,31.24
286,488,Jefferson Cherry Hill Hospital,2201 Chapel Avenue West,Cherry Hill,NJ,8002,(856)922-5126,43123,687.8306998,427.4895586,4,7.9,9.82,12.92,19.84,56.07,67.32,9.36,9.36,9.36,10.09,18.56,22.06
287,489,UPMC Passavant-McCandless,9100 Babcock Blvd.,Pittsburgh,PA,15237,(412)748-6577,43123,268.2846951,166.7400218,3,7.68,8.89,11.55,17.51,43.54,49.63,9.36,9.36,9.36,9.88,15.64,19.13
288,491,WakeMed North Healthplex,10000 Falls of Neuse Road,Raleigh,NC,27614,(919)350-1468,43123,585.7284134,364.0325751,4,7.9,9.82,12.92,19.84,56.07,67.32,9.36,9.36,9.36,10.09,18.56,22.06
289,492,UTMB League City Victory Lakes,2240 Gulf Freeway,League City,TX,77573,(832)505-1236,43123,1588.899246,987.5073002,5,8.12,12.71,17.74,28.46,79.34,89.31,9.36,9.36,10.07,12.3,22.52,27.11
290,493,UTMB Health Jennie Sealy,301 University Blvd,Galveston,TX,77555,(409)266-9945,43123,1586.519092,986.0280249,5,8.12,12.71,17.74,28.46,79.34,89.31,9.36,9.36,10.07,12.3,22.52,27.11
291,494,Augusta University Health,Children's Hospital of Georgia,Augusta,GA,30912,(706)721-5114,43123,719.5093373,447.1779598,4,7.9,9.82,12.92,19.84,56.07,67.32,9.36,9.36,9.36,10.09,18.56,22.06
292,495,Sentara Leigh Hospital,830 Kemspville Road,Norfolk,VA,23502,(757)261-8996,43123,686.6973128,426.785154,4,7.9,9.82,12.92,19.84,56.07,67.32,9.36,9.36,9.36,10.09,18.56,22.06
293,496,Nanticoke Memorial Hospital,801 Middleford Road,Seaford,DE,19973,(302)629-6611,43123,658.3780245,409.1846019,4,7.9,9.82,12.92,19.84,56.07,67.32,9.36,9.36,9.36,10.09,18.56,22.06
294,497,Gulf Coast Regional Medical Center,449 W. 23rd Street,Panama City,FL,32405,(850)767-2298,43123,1102.426999,685.1628333,5,8.12,12.71,17.74,28.46,79.34,89.31,9.36,9.36,10.07,12.3,22.52,27.11
295,498,Southern Hills Hospital & Medical Center,9300 W. Sunset road,Las Vegas,NV,89148,(702)916-9255,43123,2841.060479,1765.730565,7,9.16,20.81,31.84,50.29,113.08,135.17,9.36,10.01,11.69,17.42,33.45,35.56
296,499,CHI St. Luke's Health Sugar Land Hospital,1317 Lake Pointe,Sugar Land,TX,77478,(281)637-7043,43123,1612.704024,1002.302066,6,8.59,17.03,24.52,38.51,97.77,113.36,9.36,9.51,10.42,14.33,27.75,31.24
297,501,Memorial Hermann Southeast Hospital,11800 Astoria Blvd,Houston,TX,77089,(281)929-6191,43123,1590.310805,988.3845899,5,8.12,12.71,17.74,28.46,79.34,89.31,9.36,9.36,10.07,12.3,22.52,27.11
298,502,Memorial Hermann Pearland Hospital,16100 South Freeway,Pearland,TX,77584,(713)413-5513,43123,1601.071359,995.0723173,5,8.12,12.71,17.74,28.46,79.34,89.31,9.36,9.36,10.07,12.3,22.52,27.11
299,503,Nashville General Hospital at Meharry,1818 Albion Street,Nashville,TN,37208,(615)341-4448,43123,525.3576419,326.5118968,4,7.9,9.82,12.92,19.84,56.07,67.32,9.36,9.36,9.36,10.09,18.56,22.06
300,506,Texas Health Huguley Hospital,11801 S. Freeway,Burleson,TX,76028,(817)568-3164,43123,1512.655693,940.1216241,5,8.12,12.71,17.74,28.46,79.34,89.31,9.36,9.36,10.07,12.3,22.52,27.11
301,507,Augusta Health,78 Medical Center Drive,Fishersville,VA,22939,(540)932-4747,43123,405.4161876,251.9677984,3,7.68,8.89,11.55,17.51,43.54,49.63,9.36,9.36,9.36,9.88,15.64,19.13
302,508,Advocate Good Shepherd,450 W. Highway 22,Barrington,IL,60010,(847)842-5937,43123,493.9091727,306.9665461,4,7.9,9.82,12.92,19.84,56.07,67.32,9.36,9.36,9.36,10.09,18.56,22.06
303,509,Rocky Mountain Hospital for Children,1719 E. 19th Street,Denver,CO,80218,(720)754-3205,43123,1865.04406,1159.132418,6,8.59,17.03,24.52,38.51,97.77,113.36,9.36,9.51,10.42,14.33,27.75,31.24
304,510,O'Connor Hospital,2105 Forest Avenue,San Jose,CA,95128,(408)283-7725,43123,3361.76905,2089.353045,8,9.68,24.01,36.77,58.46,131.06,166.61,9.36,10.62,12.92,19.55,37.19,42.47
305,511,Doylestown Hospital,595 W. State Street,Doylestown,PA,18901,(215)345-2238,43123,676.3971881,420.3835849,4,7.9,9.82,12.92,19.84,56.07,67.32,9.36,9.36,9.36,10.09,18.56,22.06
306,512,Spring Valley Hospital Medical Center,5400 S. Rainbow Boulevard,Las Vegas,NV,89118,(702)853-3064,43123,2832.303689,1760.288185,7,9.16,20.81,31.84,50.29,113.08,135.17,9.36,10.01,11.69,17.42,33.45,35.56
307,513,Valley Hospital Medical Center,620 Shadow Lane,Las Vegas,NV,89106,(702)388-4747,43123,2823.986285,1755.118884,7,9.16,20.81,31.84,50.29,113.08,135.17,9.36,10.01,11.69,17.42,33.45,35.56
308,514,Baystate Health,759 Chestnut Street,Springfield,MA,1199,(413)794-4929,43123,913.2447297,567.5852888,4,7.9,9.82,12.92,19.84,56.07,67.32,9.36,9.36,9.36,10.09,18.56,22.06
309,515,Baystate Health,759 Chestnut Street,Springfield,MA,1199,(413)794-0213,43123,913.2447297,567.5852888,4,7.9,9.82,12.92,19.84,56.07,67.32,9.36,9.36,9.36,10.09,18.56,22.06
310,516,Capital Health Medical Center Hopewell,2 Capital Way,Pennington,NJ,8534,(609)303-4438,43123,706.5210041,439.1056582,4,7.9,9.82,12.92,19.84,56.07,67.32,9.36,9.36,9.36,10.09,18.56,22.06
311,517,Capital Health Regional Medical Center,750 Brunswick Avenue,Trenton,NJ,8638,(609)278-6959,43123,709.0453759,440.6745655,4,7.9,9.82,12.92,19.84,56.07,67.32,9.36,9.36,9.36,10.09,18.56,22.06
312,518,West Houston Medical Center,12141 Richmond Avenue,Houston,TX,77082,(281)588-8129,43123,1605.573973,997.8707107,5,8.12,12.71,17.74,28.46,79.34,89.31,9.36,9.36,10.07,12.3,22.52,27.11
313,519,Carondelet St. Joseph's Hospital,350 N. Wilmot Road,Tucson,AZ,85711,(520)873-3789,43123,2627.982904,1633.301992,7,9.16,20.81,31.84,50.29,113.08,135.17,9.36,10.01,11.69,17.42,33.45,35.56
314,520,Carondelet St. Mary's Hospital,1601 W. St. Mary's Rd.,Tuscon,AZ,85745,(520)872-1064,43123,2637.788985,1639.39651,7,9.16,20.81,31.84,50.29,113.08,135.17,9.36,10.01,11.69,17.42,33.45,35.56
315,521,St. Mark's Hospital,1200 East 3900 South,Salt Lake City,UT,84124,(801)268-7607,43123,2427.878143,1508.936074,7,9.16,20.81,31.84,50.29,113.08,135.17,9.36,10.01,11.69,17.42,33.45,35.56
316,523,Wake Forest University Baptist Medical Center,1 Medical Center Blvd.,Winston-Salem,NC,27157,(336)716-1817,43123,497.1723722,308.9946378,4,7.9,9.82,12.92,19.84,56.07,67.32,9.36,9.36,9.36,10.09,18.56,22.06
317,524,Hillcrest Hospital,6780 Mayfield Road,Mayfield Heights,OH,44124,(440)312-3475,43123,225.7378514,140.2969866,Local,7.37,8.45,10.29,15.45,34.01,45.24,9.36,9.36,9.36,9.36,12.53,14.88
318,525,UF Health Heart & Vascular Hospital,UF Health Neuromedicine Hospital,Gainesville,FL,32608,(352)733-8188,43123,1143.534263,710.7111643,5,8.12,12.71,17.74,28.46,79.34,89.31,9.36,9.36,10.07,12.3,22.52,27.11
319,526,Houston Northwest Medical Center,710 Cypress Creek Parkway,Houston,TX,77090,(281)440-2387,43123,1569.559263,975.4874229,5,8.12,12.71,17.74,28.46,79.34,89.31,9.36,9.36,10.07,12.3,22.52,27.11
320,527,Dominican Hospital-Dignity Health,1555 Soquel Drive,Santa Cruz,CA,95065,(831)462-7713,43123,3376.110393,2098.266248,8,9.68,24.01,36.77,58.46,131.06,166.61,9.36,10.62,12.92,19.55,37.19,42.47
321,528,Kaiser Permanente Baldwin Park,1011 Baldwin Park Blvd.,Baldwin Park,CA,91706,(626)851-5065,43123,3143.54877,1953.72826,8,9.68,24.01,36.77,58.46,131.06,166.61,9.36,10.62,12.92,19.55,37.19,42.47
322,530,Methodist Mansfield Medical Center,2700 E. Broad Street,Mansfield,TX,76063,(682)622-7420,43123,1497.044868,930.4194334,5,8.12,12.71,17.74,28.46,79.34,89.31,9.36,9.36,10.07,12.3,22.52,27.11
323,532,Harbor-UCLA Medical Center,1000 West Carson Street,Torrance,CA,90502,(424)306-4438,43123,3182.481004,1977.924801,8,9.68,24.01,36.77,58.46,131.06,166.61,9.36,10.62,12.92,19.55,37.19,42.47
324,533,Caron Treatment Center,243 North Galen Hall Road,Wernersville,PA,19565,(610)743-6174,43123,596.7382541,370.8752356,4,7.9,9.82,12.92,19.84,56.07,67.32,9.36,9.36,9.36,10.09,18.56,22.06
325,535,Trinity Health East,380 Summit Avenue,Steubenville,OH,43952,(740)283-7304,43123,215.2539152,133.7811779,Local,7.37,8.45,10.29,15.45,34.01,45.24,9.36,9.36,9.36,9.36,12.53,14.88
326,536,Trinity Health West,4000 Johnson Road,Steubenville,OH,43952,(740)264-8174,43123,215.2539152,133.7811779,Local,7.37,8.45,10.29,15.45,34.01,45.24,9.36,9.36,9.36,9.36,12.53,14.88
327,537,Memorial Hermann Cypress,27800 Northwest Freeway,Cypress,TX,77433,(346)231-4074,43123,1597.092404,992.5993811,5,8.12,12.71,17.74,28.46,79.34,89.31,9.36,9.36,10.07,12.3,22.52,27.11
328,538,The Hospitals of Providence-Transmountain,2000 Transmountain Road,El Paso,TX,79911,(915)877-8270,43123,2283.643844,1419.293875,7,9.16,20.81,31.84,50.29,113.08,135.17,9.36,10.01,11.69,17.42,33.45,35.56
329,540,Presence Saint Joseph Medical Center,333 North Madison Street,Joliet,IL,60435,(815)725-7133,43123,463.7044566,288.1941931,3,7.68,8.89,11.55,17.51,43.54,49.63,9.36,9.36,9.36,9.88,15.64,19.13
330,541,Memorial Medical Center,701 N. First Street,Springfield,IL,62781,(217)788-3356,43123,557.1228789,346.2541199,4,7.9,9.82,12.92,19.84,56.07,67.32,9.36,9.36,9.36,10.09,18.56,22.06
331,542,Advocate BroMenn Hospital,1304 Franklin Avenue,Normal,IL,61761,(309)268-5161,43123,506.2709092,314.6494153,4,7.9,9.82,12.92,19.84,56.07,67.32,9.36,9.36,9.36,10.09,18.56,22.06
332,543,CHI St. Luke's Health -The Woodlands Hospital,17200 St. Luke's Way,The Woodlands,TX,77384,(936)266-2070,43123,1555.435316,966.7093324,5,8.12,12.71,17.74,28.46,79.34,89.31,9.36,9.36,10.07,12.3,22.52,27.11
333,545,St Joseph's Hospital Health Center,301 Prospect Avenue,Syracuse,NY,13203,(315)448-5793,43123,677.8842598,421.307806,4,7.9,9.82,12.92,19.84,56.07,67.32,9.36,9.36,9.36,10.09,18.56,22.06
334,547,HSHS St. Elizabeth's Hospital,One St. Elizabeth's Way,O'Fallon,IL,62269,(618)234-2120,43123,604.3794676,375.6242807,4,7.9,9.82,12.92,19.84,56.07,67.32,9.36,9.36,9.36,10.09,18.56,22.06
335,549,CHI St. Luke's Health - The Vintage Hospital,20171 Chasewood Park Drive,Houston,TX,77070,(832)534-5106,43123,1581.38903,982.8396706,5,8.12,12.71,17.74,28.46,79.34,89.31,9.36,9.36,10.07,12.3,22.52,27.11
336,550,Memorial Hermann Southwest,7600 Beechnut Street,Houston,TX,77074,(713)456-5182,43123,1600.697864,994.8401888,5,8.12,12.71,17.74,28.46,79.34,89.31,9.36,9.36,10.07,12.3,22.52,27.11
337,551,St. Francis Hospital,2122 Manchester Expy,Columbus,GA,31904,(706)321-6922,43123,836.3812991,519.8143562,4,7.9,9.82,12.92,19.84,56.07,67.32,9.36,9.36,9.36,10.09,18.56,22.06
338,552,St. Francis Hospital,2122 Manchester Expy,Columbus,GA,31904,(706)321-6923,43123,836.3812991,519.8143562,4,7.9,9.82,12.92,19.84,56.07,67.32,9.36,9.36,9.36,10.09,18.56,22.06
339,553,Bayfront Health St. Petersburg,701 6th Street South,St. Petersburg,FL,33701,(727)893-6878,43123,1347.095034,837.2250055,5,8.12,12.71,17.74,28.46,79.34,89.31,9.36,9.36,10.07,12.3,22.52,27.11
340,554,Bayfront Health St. Petersburg,701 6th Street South,St. Petersburg,FL,33701,(727)290-1369,43123,1347.095034,837.2250055,5,8.12,12.71,17.74,28.46,79.34,89.31,9.36,9.36,10.07,12.3,22.52,27.11
341,556,Terre Haute Regional Hospital,3901 S  7th Street,Terre Haute,IN,47802,(812)242-6521,43123,373.4325694,232.0898505,3,7.68,8.89,11.55,17.51,43.54,49.63,9.36,9.36,9.36,9.88,15.64,19.13
342,557,Saint Peter's University Hospital,254 Easton Avenue,New Brunswick,NJ,8901,(732)745-8322,43123,736.3992827,457.6751291,4,7.9,9.82,12.92,19.84,56.07,67.32,9.36,9.36,9.36,10.09,18.56,22.06
343,559,South Pointe Hospital,20000 Harvard Ave,Warrensville Heights,OH,44122,(216)491-6425,43123,220.2861797,136.9087506,Local,7.37,8.45,10.29,15.45,34.01,45.24,9.36,9.36,9.36,9.36,12.53,14.88
344,561,Central Florida Regional Hospital,1401 West Seminole Blvd,Sanford,FL,32771,(407)562-0126,43123,1242.991167,772.5240318,5,8.12,12.71,17.74,28.46,79.34,89.31,9.36,9.36,10.07,12.3,22.52,27.11
345,563,Mercy Health - St Elizabeth Boardman Hosp.,8401 Market Street,Youngstown,OH,44512,()-,43123,240.6868363,149.5878411,Local,7.37,8.45,10.29,15.45,34.01,45.24,9.36,9.36,9.36,9.36,12.53,14.88
346,564,Mercy Health-St. Elizabeth Youngstown Hosp.,1044 Belmont Ave,Youngstown,OH,44501,(330)480-3938,43123,230.6413908,143.3445561,Local,7.37,8.45,10.29,15.45,34.01,45.24,9.36,9.36,9.36,9.36,12.53,14.88
347,565,St. Joseph's Medical Center,1800 N.California Street,Stockton,CA,95204,(209)461-5465,43123,3288.689799,2043.933996,8,9.68,24.01,36.77,58.46,131.06,166.61,9.36,10.62,12.92,19.55,37.19,42.47
348,566,Medical City Arlington - Main,3301 Matlock Road,Arlington,TX,76015,(682)509-6220,43123,1488.844657,925.3229686,5,8.12,12.71,17.74,28.46,79.34,89.31,9.36,9.36,10.07,12.3,22.52,27.11
349,568,Methodist Hospitals - Northlake,600 Grant Street,Gary,IN,46402,(219)886-4670,43123,406.1219289,252.4064195,3,7.68,8.89,11.55,17.51,43.54,49.63,9.36,9.36,9.36,9.88,15.64,19.13
350,569,Methodist Hospitals - Southlake,8701 Broadway,Merrillville,IN,46410,(219)738-5564,43123,402.0011811,249.8453581,3,7.68,8.89,11.55,17.51,43.54,49.63,9.36,9.36,9.36,9.88,15.64,19.13
351,570,OhioHealth Doctors Hospital ,5100 West Broad Street,Columbus,OH,43228,(614)544-1000,43123,9.944343912,6.180449914,Local,7.37,8.45,10.29,15.45,34.01,45.24,9.36,9.36,9.36,9.36,12.53,14.88
352,571,OhioHealth Dublin Methodist Hospital,7500 Hospital Drive,Dublin,OH,43016,(614)544-8220,43123,24.86205484,15.45186752,Local,7.37,8.45,10.29,15.45,34.01,45.24,9.36,9.36,9.36,9.36,12.53,14.88
353,572,OhioHealth Grady Memorial Hospital,561 W Central Ave,Delaware,OH,43015,(740)615-2129,43123,45.80076772,28.46536216,Local,7.37,8.45,10.29,15.45,34.01,45.24,9.36,9.36,9.36,9.36,12.53,14.88
354,573,OhioHealth Grant Medical Center,111 S. Grant Ave.,Columbus,OH,43215,(614)566-7174,43123,11.69484195,7.268391517,Local,7.37,8.45,10.29,15.45,34.01,45.24,9.36,9.36,9.36,9.36,12.53,14.88
355,574,OhioHealth Riverside Methodist Hospital,3535 Olentangy River Road,Columbus,OH,43214,(614)566-5220,43123,19.92701368,12.38471951,Local,7.37,8.45,10.29,15.45,34.01,45.24,9.36,9.36,9.36,9.36,12.53,14.88
356,575,St.Elizabeth Hospital,1506 S. Oneida  Street,Appleton,WI,54915,(920)738-2423,43123,651.3365298,404.8082845,4,7.9,9.82,12.92,19.84,56.07,67.32,9.36,9.36,9.36,10.09,18.56,22.06
357,576,University of Louisville Hospital,530 South Jackson Street,Louisville,KY,40202,(502)333-6986,43123,292.8309587,181.9956238,3,7.68,8.89,11.55,17.51,43.54,49.63,9.36,9.36,9.36,9.88,15.64,19.13
358,577,Paradise Valley Hospital,2400 E. 4th Street,National City,CA,91950,(619)470-4132,43123,3131.250313,1946.084719,8,9.68,24.01,36.77,58.46,131.06,166.61,9.36,10.62,12.92,19.55,37.19,42.47
359,578,Methodist Hospital of Sacramento,7500 Hospital Drive,Sacramento,CA,95823,(916)423-6066,43123,3284.57323,2041.375531,8,9.68,24.01,36.77,58.46,131.06,166.61,9.36,10.62,12.92,19.55,37.19,42.47
360,579,Lakeland Regional Health Medical Center,1324 Lakeland Hills Blvd,Lakeland,FL,33805,(863)687-1100,43123,1317.189678,818.6387058,5,8.12,12.71,17.74,28.46,79.34,89.31,9.36,9.36,10.07,12.3,22.52,27.11
361,580,Dell Children's Med. Ctr. of Central Texas,4900 Mueller St.,Austin,TX,78723,(512)324-0147,43123,1698.333211,1055.520952,6,8.59,17.03,24.52,38.51,97.77,113.36,9.36,9.51,10.42,14.33,27.75,31.24
362,581,Seton Medical Center - Austin,1201 W. 38th Street,Austin,TX,78705,(512)324-1591,43123,1703.616833,1058.804744,6,8.59,17.03,24.52,38.51,97.77,113.36,9.36,9.51,10.42,14.33,27.75,31.24
363,582,Providence Healthcare Network Hospital,6901 Medical Parkway,Waco,TX,76712,(254)751-4101,43123,1577.818127,980.6203397,5,8.12,12.71,17.74,28.46,79.34,89.31,9.36,9.36,10.07,12.3,22.52,27.11
364,583,Seton Medical Center Williamson,201 Seton Parkway,Round Rock,TX,78665,(512)324-4185,43123,1681.667717,1045.163279,6,8.59,17.03,24.52,38.51,97.77,113.36,9.36,9.51,10.42,14.33,27.75,31.24
365,584,Seton Medical Center - Hays,6001 Kyle Parkway,Kyle,TX,78640,(512)504-5179,43123,1732.446794,1076.722681,6,8.59,17.03,24.52,38.51,97.77,113.36,9.36,9.51,10.42,14.33,27.75,31.24
366,585,Seton Northwest Hospital,11113 Research Blvd,Austin,TX,78759,(512)324-6053,43123,1695.964501,1054.048788,6,8.59,17.03,24.52,38.51,97.77,113.36,9.36,9.51,10.42,14.33,27.75,31.24
367,586,Moses H Cone Memorial Hospital,1121 North Church Street,Greensboro,NC,27401,(336)832-8146,43123,513.8190078,319.3405891,4,7.9,9.82,12.92,19.84,56.07,67.32,9.36,9.36,9.36,10.09,18.56,22.06
368,588,William P. Clements Jr University Hospital,6201 Harry Hines Blvd,Dallas,TX,75390,(214)633-4058,43123,1457.106663,905.5976777,5,8.12,12.71,17.74,28.46,79.34,89.31,9.36,9.36,10.07,12.3,22.52,27.11
369,589,UTSW Zale Lipshy Univ. Hosp,5151 Harry Hines Blvd,Dallas,TX,75390,()-,43123,1457.106663,905.5976777,5,8.12,12.71,17.74,28.46,79.34,89.31,9.36,9.36,10.07,12.3,22.52,27.11
370,590,Ellis Hospital,1101 Nott Street,Schenectady,NY,12308,(518)612-2050,43123,831.086638,516.5237029,4,7.9,9.82,12.92,19.84,56.07,67.32,9.36,9.36,9.36,10.09,18.56,22.06
371,593,Penn State St. Joseph Medical Center,2500 Bernville Road,Readiing,PA,19605,(610)378-2357,43123,610.3682705,379.3463458,4,7.9,9.82,12.92,19.84,56.07,67.32,9.36,9.36,9.36,10.09,18.56,22.06
372,594,Centegra Hospital - McHenry,4201 Medical Center Dr,McHenry,IL,60050,(815)759-4148,43123,514.5009789,319.7644368,4,7.9,9.82,12.92,19.84,56.07,67.32,9.36,9.36,9.36,10.09,18.56,22.06
373,595,Baylor Scott & White Medical Ctr - Frisco,5601 Warren Parkway,Frisco,TX,75034,(214)407-5177,43123,1435.580772,892.2192494,5,8.12,12.71,17.74,28.46,79.34,89.31,9.36,9.36,10.07,12.3,22.52,27.11
374,596,Doctors Hospital of Augusta,3651 Wheeler Road,Augusta,GA,30909,(706)651-638,43123,718.2749511,446.4107838,4,7.9,9.82,12.92,19.84,56.07,67.32,9.36,9.36,9.36,10.09,18.56,22.06
375,597,St. Joseph's Hospital and Medical Ctr.,350 West Thomas Rd,Phoenix,AZ,85013,(602)406-4141,43123,2667.767417,1658.028227,7,9.16,20.81,31.84,50.29,113.08,135.17,9.36,10.01,11.69,17.42,33.45,35.56
376,598,UPMC Altoona,620 Howard Ave,Altoon,PA,16601,(814)889-2080,43123,403.3086289,250.6579421,3,7.68,8.89,11.55,17.51,43.54,49.63,9.36,9.36,9.36,9.88,15.64,19.13
377,601,MedStar Washington Hospital Center,110 Irving St NW,Washington,DC,20010,(202)877-5894,43123,530.4153517,329.6552838,4,7.9,9.82,12.92,19.84,56.07,67.32,9.36,9.36,9.36,10.09,18.56,22.06
378,602,Texas Health Harris Methodist Fort Worth,1301 Pennsylvania Ave,Fort Worth,TX,76104,(817)250-3152,43123,1500.571085,932.610991,5,8.12,12.71,17.74,28.46,79.34,89.31,9.36,9.36,10.07,12.3,22.52,27.11
379,603,Piedmont Rockdale Hospital,1412 Milstead Ave. NE,Conyers,GA,30012,(678)413-7980,43123,690.0536924,428.8711575,4,7.9,9.82,12.92,19.84,56.07,67.32,9.36,9.36,9.36,10.09,18.56,22.06
380,604,Alta Bates Summit Med Ctr - Alta Bates Campus,2450 Ashby Ave,Berkeley,CA,94705,(510)869-6184,43123,3371.087152,2095.144283,8,9.68,24.01,36.77,58.46,131.06,166.61,9.36,10.62,12.92,19.55,37.19,42.47
381,605,Alta Bates Summit Med Ctr - Herrick Campus,2001 Dwight Way,Berkeley,CA,94704,(510)204-4568,43123,3371.388167,2095.331365,8,9.68,24.01,36.77,58.46,131.06,166.61,9.36,10.62,12.92,19.55,37.19,42.47
382,606,Alta Bates Summit Med Ctr - Summit Campus,350 Hawthorne Avenue,Oakland,CA,94609,(510)869-6184,43123,3372.89562,2096.268254,8,9.68,24.01,36.77,58.46,131.06,166.61,9.36,10.62,12.92,19.55,37.19,42.47
383,607,Southwestern Vermont Medical Center,100 Hospital Dr,Bennington,VT,5201,(802)442-6361,43123,889.4899501,552.8215973,4,7.9,9.82,12.92,19.84,56.07,67.32,9.36,9.36,9.36,10.09,18.56,22.06
384,608,Saint Joseph Hospital - St. Paul,45 W. 10th Street,St. Paul,MN,55102,(651)232-3241,43123,996.3718448,619.2491267,5,8.12,12.71,17.74,28.46,79.34,89.31,9.36,9.36,10.07,12.3,22.52,27.11
385,609,HealthEast Woodwinds Health Campus,1925 Woodwinds Dr,Woodbury,MN,55125,(651)232-0071,43123,983.4307518,611.2061851,5,8.12,12.71,17.74,28.46,79.34,89.31,9.36,9.36,10.07,12.3,22.52,27.11
386,610,HealthEast St. John's Hospital,1575 Beam Ave,Maplewood,MN,55109,(651)232-7241,43123,994.6090533,618.1535446,5,8.12,12.71,17.74,28.46,79.34,89.31,9.36,9.36,10.07,12.3,22.52,27.11
387,611,St. Rose Dominican Hospital - Siena Campus,3001 St. Rose Pkwy,Henderson,NV,89052,()-,43123,2827.041619,1757.017787,7,9.16,20.81,31.84,50.29,113.08,135.17,9.36,10.01,11.69,17.42,33.45,35.56
388,612,St. Rose Domincan - San Martin Campus,8280 W. Warm Springs Rd,Las Vegas,NV,89113,(702)492-8697,43123,2835.538983,1762.298933,7,9.16,20.81,31.84,50.29,113.08,135.17,9.36,10.01,11.69,17.42,33.45,35.56
389,614,UChicago Medicine Ingalls Mem.Hosp,1 Ingalls Dr.,Harvey,IL,60426,()-,43123,430.2009642,267.3716372,3,7.68,8.89,11.55,17.51,43.54,49.63,9.36,9.36,9.36,9.88,15.64,19.13
390,615,Roper Hospital,316 Calhoun Street,Charleston,SC,29401,(843)724-2137,43123,838.3370026,521.0298338,4,7.9,9.82,12.92,19.84,56.07,67.32,9.36,9.36,9.36,10.09,18.56,22.06
391,616,Bon Secours St. Francis Hospital,2095 Henry Tecklenburg Dr,Charleston,SC,29414,(843)402-1157,43123,830.3664579,516.0761081,4,7.9,9.82,12.92,19.84,56.07,67.32,9.36,9.36,9.36,10.09,18.56,22.06
392,617,Roper St. Francis Mount Pleasant Hospital,3500 Highway 17 North,Mount Pleasant,SC,29466,(843)606-7555,43123,833.1684138,517.817535,4,7.9,9.82,12.92,19.84,56.07,67.32,9.36,9.36,9.36,10.09,18.56,22.06
393,618,MUSC Shawn Jenkins Children's Hospital,10 Mc Clennan Banks Dr,Charleston,SC,29425,(843)985-1094,43123,837.3315156,520.4049196,4,7.9,9.82,12.92,19.84,56.07,67.32,9.36,9.36,9.36,10.09,18.56,22.06
394,619,Crouse Health Foundation,736 Irving Ave,Syracuse,NY,13210,(315)470-7347,43123,677.140779,420.8457296,4,7.9,9.82,12.92,19.84,56.07,67.32,9.36,9.36,9.36,10.09,18.56,22.06
395,620,Glens Falls Hospital,100 Parks St.,Glens Falls,NY,12801,(518)926-2790,43123,871.9727226,541.9345697,4,7.9,9.82,12.92,19.84,56.07,67.32,9.36,9.36,9.36,10.09,18.56,22.06
396,622,Children's Hospital of Philadelphia - Main,3401 Civic Center Blvd,Philadelphia,PA,19104,(267)426-0900,43123,671.96743,417.6304724,4,7.9,9.82,12.92,19.84,56.07,67.32,9.36,9.36,9.36,10.09,18.56,22.06
397,623,Sunrise Hospital & Medical Center,Adult Hospital Gift Shop,Las Vegas,NV,89109,(702)961-7032,43123,2824.636389,1755.522927,7,9.16,20.81,31.84,50.29,113.08,135.17,9.36,10.01,11.69,17.42,33.45,35.56
398,624,Children's Hospital of Philadelphia,515 Olser Circle,Philadelphia,PA,19104,(267)426-0090,43123,671.96743,417.6304724,4,7.9,9.82,12.92,19.84,56.07,67.32,9.36,9.36,9.36,10.09,18.56,22.06
399,625,Hartford Hospital,80 Seymour St,Hartford,CT,6102,()-,43123,896.8718209,557.4094598,4,7.9,9.82,12.92,19.84,56.07,67.32,9.36,9.36,9.36,10.09,18.56,22.06
400,626,Tulane Medical Center,1415 Tulane Ave,New Orleans,LA,70112,(504)988-4631,43123,1273.028024,791.19206,5,8.12,12.71,17.74,28.46,79.34,89.31,9.36,9.36,10.07,12.3,22.52,27.11
401,627,Tulane Lakeside Hospital,4700 SI-10 Service Rd. W,Metairie,LA,70001,(504)780-4313,43123,1274.718407,792.2426397,5,8.12,12.71,17.74,28.46,79.34,89.31,9.36,9.36,10.07,12.3,22.52,27.11
402,628,Covenant Children's Hospital,4000 24th Street,Lubbock,TX,79410,(806)725-6841,43123,1812.543181,1126.502909,6,8.59,17.03,24.52,38.51,97.77,113.36,9.36,9.51,10.42,14.33,27.75,31.24
403,629,Swedish Medical Center,501 E. Hampden Ave.,Englewood,CO,80113,(303)788-5790,43123,1865.545624,1159.444142,6,8.59,17.03,24.52,38.51,97.77,113.36,9.36,9.51,10.42,14.33,27.75,31.24
404,630,Riverside Community Hospital,4445 Magnolia Ave,Riverside,CA,92501,(951)788-3178,43123,3096.828133,1924.691195,8,9.68,24.01,36.77,58.46,131.06,166.61,9.36,10.62,12.92,19.55,37.19,42.47
405,631,Long Island Community Hospital,101 Hospital Road,Patchogue,NY,11772,()-,43123,861.0712202,535.1592419,4,7.9,9.82,12.92,19.84,56.07,67.32,9.36,9.36,9.36,10.09,18.56,22.06
406,632,French Hospital Medical Center,1911 Johnson Ave,San Luis Obispo,CA,93401,()-,43123,3325.586978,2066.865741,8,9.68,24.01,36.77,58.46,131.06,166.61,9.36,10.62,12.92,19.55,37.19,42.47
